Depth (m),qc (MPa),fs (kPa),Rf (%),u2 (kPa),gamma (kN/m3),M (MN/m2),OCR (-),su (kPa),sampling_name(-)
4.430000000000001,0.5377500000000001,5.383333333333333,1.001084766775143,352.90000000000003,19.75,,,,Norway_site
7.5,0.5155800000000001,2.2600000000000002,0.43834128554249574,424.9,19.7,,,,Norway_site
10.37,0.6114666666666666,4.633333333333333,0.7577409507195814,521.2333333333332,19.33,5.5,1.39,,Norway_site
13.53,0.786,7.366666666666667,0.9372349448685326,556.1833333333333,19.61,6.5,1.3,,Norway_site
16.560000000000002,0.85322,7.24,0.8485501980731817,634.52,19.46,9.5,1.56,,Norway_site
19.5,0.8301000000000001,11,1.3251415492109384,896.8399999999999,19.91,10.3,1.37,,Norway_site
4.33,0.5775166666666666,5.333333333333333,0.9234942714495976,365.75,19.2,,,22,Norway_site
7.4,0.49528,2.38,0.48053626231626556,409.93999999999994,19.2,,,32.2,Norway_site
10.469999999999999,0.6648,3.7333333333333343,0.5615724027276375,530.1666666666666,19.1,,1.4,41.5,Norway_site
13.419999999999998,0.7619399999999998,6.08,0.7979630942068932,551.7,19.7,,1.3,57.5,Norway_site
16.46,0.81824,5.68,0.6941728588189284,636.74,19.5,,1.6,66.6,Norway_site
19.47,0.9115833333333333,10.083333333333334,1.1061340159063902,915.4666666666667,19.5,,1.4,72.4,Norway_site
6.31,0.44060000000000005,14.583333333333334,3.309880466,385.79999999999995,18.34,3.2,1.93,,Norway_site
9.52,0.5525599999999999,14.080000000000002,2.548139568553642,410.6,18.93,5.5,1.48,,Norway_site
12.499999999999998,0.63472,16.4,2.583816486009579,569.78,19.54,6,1.64,,Norway_site
15.3,0.66968,13,1.9412256600167241,639.74,19.63,6.5,1.74,,Norway_site
18.33,0.8054166666666668,12.083333333333334,1.5002586652871184,759.9833333333335,19.67,5.5,1.21,,Norway_site
21.5,0.9502600000000001,20.119999999999997,2.117315261086439,895.0200000000001,20.13,7.2,1.01,,Norway_site
24.330000000000002,1.04385,15.216666666666667,1.4577445673867575,1015.5500000000001,19.19,11.5,1.51,,Norway_site
9.43,0.5560499999999999,16.45,2.9583670533225432,408,18.8,,1.5,37,Norway_site
12.43,0.6388666666666666,17,2.6609621204215803,574.3833333333333,19.3,,1.6,49,Norway_site
15.419999999999998,0.6778,12.4,1.8294482148126294,642.04,19.2,,1.7,55.3,Norway_site
18.580000000000002,0.87256,15.3,1.7534610800403412,812.9599999999999,19.4,,1.2,64.6,Norway_site
21.429999999999996,0.9790833333333334,23.266666666666666,2.3763724572304024,899.3833333333333,20.5,,1,70.8,Norway_site
24.429999999999996,1.0502666666666665,18.916666666666668,1.8011298717785964,1026.8166666666666,19.4,,1.5,85.5,Norway_site
6.4,0.44308000000000003,14.459999999999999,3.263519003340254,387.4,18.9,,1.9,26.9,Norway_site
6.069999999999999,0.43295,12.966666666666667,2.994957077414636,388.36666666666673,19.4,,,,Norway_site
6.069999999999999,0.43295,12.966666666666667,2.994957077414636,388.36666666666673,19.2,,,,Norway_site
6.45,0.4603,14.066666666666665,3.0559779853718583,381.11666666666673,18.9,3.8,1.39,,Norway_site
9.85,0.5533666666666667,12.566666666666668,2.2709475332811278,419.51666666666665,19.3,,,,Norway_site
10.36,0.5886199999999999,13.039999999999997,2.215351160341137,454.5,18.8,4.5,1.65,,Norway_site
14.730000000000002,0.6957666666666666,12.916666666666666,1.8564652900876732,648.7500000000001,19.2,6.5,1.46,,Norway_site
15.540000000000001,0.67564,12.66,1.8737789355277958,645.72,19.8,8.7,1.64,,Norway_site
19.6,0.88484,15,1.6952217350029386,826.2199999999999,19.1,8,1.31,,Norway_site
20.029999999999998,0.9160333333333334,17.683333333333334,1.930424657,845.9333333333333,19.5,6.5,1.34,,Norway_site
6.18,0.44986,13.34,2.9653670030676214,387.42,19.5,,1.4,23,Norway_site
6.18,0.44986,13.34,2.9653670030676214,387.42,19.5,,1.4,24,Norway_site
10.5,0.5637800000000001,13.280000000000001,2.355528752350207,465.76000000000005,18.8,,1.65,46.5,Norway_site
10.450000000000001,0.5722833333333333,13.533333333333333,2.3647959926609783,460.7333333333333,18.8,,1.65,46.5,Norway_site
14.87,0.72735,13.783333333333333,1.8950069888407688,661.7166666666666,19.3,,1.46,54,Norway_site
14.87,0.72735,13.783333333333333,1.8950069888407688,661.7166666666666,19.4,,1.46,52.5,Norway_site
20.13,0.9101666666666667,15.9,1.7469327961911738,845.1,19.2,,1.34,77,Norway_site
20.13,0.9101666666666667,15.9,1.7469327961911738,845.1,19.4,,1.34,74,Norway_site
6.5,0.49768,15.039999999999997,3.022022182928789,375.86,18.96,3.3,1.39,,Norway_site
9.969999999999999,0.5583333333333332,12.516666666666667,2.241791045,427.51666666666665,19.24,3.3,1.5664165103189494,,Norway_site
14.780000000000001,0.7103400000000001,13.040000000000001,1.8357406312470084,652.9,19.18,7.5,1.46,,Norway_site
19.52,0.87992,14.940000000000001,1.6978816256023277,827.9599999999998,19.64,6.2,1.31,,Norway_site
9.7,8.89,92.63,1.041957255343082,-32.89,20.341943595620098,11.58564900583339,1.011326860841424,,Austria_site4
15.52,0.98,12.89,1.3153061224489797,643.13,20.41157372,9.964275987062539,0.9917355371900827,,Austria_site4
21.2,1.13,8.47,0.7495575221238938,939.67,19.79484976,7.107423721627204,0.9807928075194116,,Austria_site4
24.5,1.25,9.47,0.7576,1079.5,19.54993491,10.128205128205114,1.159840521928235,,Austria_site4
9.7,8.89,92.63,1.041957255343082,-32.89,20.57072829,12.931338766369919,1.2135922330097089,,Austria_site4
15.5,0.88,12.73,1.4465909090909093,629.56,20.341943595620098,7.905046622334741,1.1570247933884297,,Austria_site4
21.5,1.33,10.38,0.780451128,840.26,20.35189076,8.626609283134897,1.1442582754393136,,Austria_site4
24.5,1.25,9.47,0.7576,1079.5,18.9990769,9.520875795019062,1.0148604566872057,,Austria_site4
9.7,8.89,92.63,1.041957255343082,-32.89,20.6,,,,Austria_site4
15.52,0.98,12.89,1.3153061224489797,643.13,20.4,,,,Austria_site4
21.2,1.13,8.47,0.7495575221238938,939.67,20.4,,,,Austria_site4
24.5,1.25,9.47,0.7576,1079.5,19.5,,,,Austria_site4
5.194999999999999,6.118,99.01299999999999,1.6183883622098723,-62.415,20.5,,,,Austria_site4
12.194999999999999,12.183,115.76300000000002,0.9502010998932942,-38.471,20.5,,,,Austria_site4
20.195,1.442,42.321,2.934882108183079,732.7109999999999,20.2,,,,Austria_site4
26.195,1.3459999999999996,14.652999999999999,1.0886329866270434,1109.58,19.5,,,,Austria_site4
13.044999999999998,3.249,41.025000000000006,1.2626962142197602,237.57100000000003,19.94,,,200,Austria_site4
20.235,1.2120000000000002,29.332000000000004,2.420132013,821.5949999999999,19.56,,,120,Austria_site4
24.244999999999997,1.2200000000000002,9.350999999999999,0.7664754098360653,1061.73,20.25,,,130,Austria_site4
0.7900000000000001,0.153,5.333333333333333,3.4858387799564268,14.88888888888889,16.41,1.554,4.123595505617978,,Ballina_Inclo 2
1.76,0.15800000000000003,8.111111111,5.133614627285512,45.77777777777778,16.240000000000002,,,9.4,Ballina_Inclo 2
1.8599999999999999,0.15922222222222224,7.444444444444445,4.675505931612003,56.44444444444444,16.419999999999998,2.843,3.2642857142857142,,Ballina_Inclo 2
1.96,0.14933333333333335,7.111111111111111,4.761904761904762,82.22222222222223,16.15,,,12.3,Ballina_Inclo 2
2.27,0.176,7,3.977272727272727,101.44444444444444,15.8,1.303,2.1821428571428574,,Ballina_Inclo 2
2.3699999999999997,0.17022222222222222,7,4.1122715404699735,104.33333333333333,15.4,,,17.2,Ballina_Inclo 2
2.4700000000000006,0.15433333333333335,10.777777777777779,6.983441324694025,96.55555555555556,15.4,,2.213903743315508,,Ballina_Inclo 2
2.5700000000000003,0.1981111111111111,9.888888889,4.991587212563096,62.44444444444444,15.4,,,13.3,Ballina_Inclo 2
2.91,0.15844444444444447,7.555555555555555,4.768583450210378,102.44444444444444,15.049999999999999,,,13.7,Ballina_Inclo 2
3.05,0.17255555555555555,7.444444444444445,4.314230521571153,117.88888888888889,14.81,,,14.8,Ballina_Inclo 2
3.1399999999999997,0.18655555555555556,7.111111111111111,3.8117927337701007,126,14.830000000000002,1.1400000000000001,1.772020725388601,,Ballina_Inclo 2
3.4699999999999998,0.19544444444444445,12.666666666666666,6.4809550881182485,112.66666666666667,14.43,,,11.7,Ballina_Inclo 2
3.6499999999999995,0.22344444444444445,9.222222222222221,4.127299850820487,92.88888888888889,,1.657,1.860128617363344,,Ballina_Inclo 2
4.759999999999999,0.22355555555555556,7,3.1312127236580514,140.66666666666666,14.559999999999999,,,17.7,Ballina_Inclo 2
4.89,0.2197777777777778,7.555555555555555,3.4378159757330633,150,14.11,2.5500000000000003,4.123595505617978,,Ballina_Inclo 2
4.93,0.22711111111111115,7.555555555555555,3.3268101761252438,156.11111111111111,,1.415,,,Ballina_Inclo 2
4.96,0.22866666666666666,7.222222222222222,3.15840622,154.88888888888889,14,,,21.8,Ballina_Inclo 2
5.4,0.22644444444444448,8,3.5328753680078506,175.11111111111111,14.48,,,18.8,Ballina_Inclo 2
5.489999999999999,0.23144444444444445,12.777777777777779,5.5208833413346134,160.33333333333334,14.48,1.655,1.7721893491124259,,Ballina_Inclo 2
5.58,0.24788888888888888,9.333333333333334,3.7651277454056475,121.11111111111111,14.59,,,20.9,Ballina_Inclo 2
6.529999999999999,0.24911111111111112,11.555555555555555,4.638715433,167.77777777777777,14.01,,,22.8,Ballina_Inclo 2
6.63,0.25899999999999995,8.888888889,3.432003432003433,181,13.979999999999999,1.477,1.661304347826087,,Ballina_Inclo 2
6.7299999999999995,0.25655555555555554,8,3.118233001299264,189.88888888888889,14.01,,,19.7,Ballina_Inclo 2
6.83,0.25855555555555554,8,3.0941125913192957,201.33333333333334,14.059999999999999,1.332,1.5488069414316703,,Ballina_Inclo 2
7.220000000000001,0.26611111111111113,8,3.006263048016701,223,14.05,1.334,1.5995065789473684,,Ballina_Inclo 2
7.27,0.26655555555555555,8,3.001250521050438,221.55555555555554,13.95,1.472,1.6167763157894737,,Ballina_Inclo 2
7.320000000000001,0.2688888888888889,8,2.975206611570248,221.33333333333334,14.02,2.364,1.9302564102564101,,Ballina_Inclo 2
7.38,0.27322222222222226,8,2.928019520130134,221.66666666666666,14.030000000000001,,,24,Ballina_Inclo 2
7.699999999999999,0.2792222222222222,8.888888889,3.183446080382014,197.88888888888889,14.299999999999999,1.629,1.5873015873015874,,Ballina_Inclo 2
7.75,0.27744444444444444,8.666666666666666,3.1237484981978367,203.22222222222223,14.299999999999999,1.5350000000000001,1.6253716551040633,,Ballina_Inclo 2
7.88,0.2774444444444445,9,3.2438926712054457,217.55555555555554,14.299999999999999,,,22.4,Ballina_Inclo 2
9.089999999999998,0.3428888888888889,10,2.916396629941672,266.8888888888889,13.968,1.606,1.6155639232562307,,Ballina_Inclo 2
9.139999999999999,0.3430000000000001,10,2.915451895043731,266.22222222222223,14.048,1.994,1.689278682656166,,Ballina_Inclo 2
9.49,0.31577777777777777,15.777777777777779,4.9964813511611545,229.66666666666666,14.692,,,21.3,Ballina_Inclo 2
9.649999999999999,0.34444444444444444,11.555555555555555,3.354838709677419,238.66666666666666,14.504,,,24.7,Ballina_Inclo 2
9.729999999999999,0.3312222222222222,10.222222222222221,3.0862126803086216,249.66666666666666,14.498,2.561,1.812618841832325,,Ballina_Inclo 2
9.759999999999998,0.32877777777777784,10,3.041568097330179,253.22222222222223,14.534,2.35,1.5923941227312015,,Ballina_Inclo 2
10.25,0.337,10.88888888888889,3.231124299373558,280.77777777777777,14.534,0.859,1.2325429272281276,,Ballina_Inclo 2
10.34,0.33433333333333337,11,3.290129611,282.44444444444446,,,,18.7,Ballina_Inclo 2
10.459999999999999,0.3288888888888889,13.444444444444445,4.087837837837838,281.44444444444446,19.151,4.214,1.8116490166414525,,Ballina_Inclo 2
12.05,0.4842222222222223,4.777777777777778,0.9866911427260209,211.88888888888889,20.06,,1.368271954674221,,Ballina_Inclo 2
1.72,0.15722222222222224,8.666666666666666,5.512367491166077,41.666666666666664,,5.5200000000000005,2.5497630331753554,,Ballina_Mex 9 
2.07,0.15433333333333332,6.333333333333333,4.1036717062634995,89.88888888888889,17.78,,,10.5,Ballina_Mex 9 
3.05,0.17255555555555555,7.444444444444445,4.314230521571153,117.88888888888889,15.309999999999999,,,16.2,Ballina_Mex 9
3.1399999999999997,0.18655555555555556,7.111111111111111,3.8117927337701007,126,15.18,,2.3793103448275863,,Ballina_Mex 9
3.55,0.2172222222222222,11.777777777777779,5.421994884910487,72.88888888888889,15.149999999999999,,,10.6,Ballina_Mex 9
5.440000000000001,0.22544444444444448,11.222222222222221,4.977821586988663,175.88888888888889,,2.57,2.2288329519450802,,Ballina_Mex 9
5.53,0.24755555555555558,10.333333333333334,4.174147217235189,132.44444444444446,14.73,,,13.1,Ballina_Mex 9
5.67,0.24666666666666665,9,3.6486486486486487,146.55555555555554,14.43,,,20.2,Ballina_Mex 9
6.51,0.24444444444444446,12.444444444444445,5.090909091,172.22222222222223,,1.587,1.668085106382979,,Ballina_Mex 9
6.7299999999999995,0.25655555555555554,8,3.118233001299264,189.88888888888889,14.57,,,13.8,Ballina_Mex 9
6.87,0.2552222222222222,8.444444444444445,3.3086634740966487,203,14.21,,,20.8,Ballina_Mex 9
7.75,0.27744444444444444,8.666666666666666,3.1237484981978367,203.22222222222223,14.1,,,17.7,Ballina_Mex 9
7.930000000000001,0.2806666666666666,8.666666666666666,3.0878859857482186,223.77777777777777,14.31,,,17,Ballina_Mex 9
8.020000000000001,0.28833333333333333,8,2.7745664739884397,236.44444444444446,14.139999999999999,2.446,2.0340000000000003,,Ballina_Mex 9
9.639999999999999,0.34555555555555556,11.777777777777779,3.408360128617364,237.33333333333334,,3.12,1.8711340206185567,,Ballina_Mex 9
9.729999999999999,0.3312222222222222,10.222222222222221,3.0862126803086216,249.66666666666666,14.96,,,26.3,Ballina_Mex 9
9.870000000000001,0.3098888888888889,10.11111111111111,3.2628182144137687,259.3333333333333,14.05,,,17.5,Ballina_Mex 9
6.87,0.3179,6.16,1.9377162629757785,225.33999999999997,16.46,1.3,1.9417475728155338,,NGTS_Clay_ONSB01
6.87,0.3179,6.16,1.9377162629757785,225.33999999999997,15.92,,,12.8,NGTS_Clay_ONSB01
6.959999999999999,0.31633333333333336,6.633333333333334,2.096944151738672,232.6666666666667,16.11,,,19.5,NGTS_Clay_ONSB01
6.959999999999999,0.31633333333333336,6.633333333333334,2.096944151738672,232.6666666666667,16.04,,,9,NGTS_Clay_ONSB01
10.22,0.422,6.788888888888889,1.6087414428646654,322.4777777777778,17.95,3,1.524390243902439,,NGTS_Clay_ONSB01
10.24,0.4267777777777778,6.833333333333333,1.6011455350169224,321.9555555555556,17.58,,,28.5,NGTS_Clay_ONSB01
10.24,0.4267777777777778,6.833333333333333,1.6011455350169224,321.9555555555556,17.63,,,11.6,NGTS_Clay_ONSB01
12.100000000000001,0.47711111111111104,8.755555555555555,1.835118770377271,363.11111111111114,17.35,,,32.7,NGTS_Clay_ONSB01
12.100000000000001,0.47711111111111104,8.755555555555555,1.835118770377271,363.11111111111114,17.45,,,15.2,NGTS_Clay_ONSB01
12.22,0.49833333333333335,9.477777777777778,1.9018952062430323,367.8777777777778,17.46,3.7,1.596009975062344,,NGTS_Clay_ONSB01
12.22,0.49833333333333335,9.477777777777778,1.9018952062430323,367.8777777777778,17.32,,,23.8,NGTS_Clay_ONSB01
14.100000000000001,0.5406666666666667,8.411111111111111,1.555692560624743,345.5111111111111,15.59,,,43.4,NGTS_Clay_ONSB01
14.14,0.5378888888888889,8.411111111111111,1.5637265027886802,385.2777777777778,15.78,2.9,1.3085106382978724,,NGTS_Clay_ONSB01
14.14,0.5378888888888889,8.411111111111111,1.5637265027886802,385.2777777777778,15.78,,,27.6,NGTS_Clay_ONSB01
14.429999999999998,0.5253,8.23,1.5667237768893967,448.88,16.1,2.3,1.1795407098121087,,NGTS_Clay_ONSB01
14.429999999999998,0.5253,8.23,1.5667237768893967,448.88,15.47,,,29.8,NGTS_Clay_ONSB01
14.520000000000001,0.5183333333333334,8.144444444444444,1.5712754555198283,441.0333333333333,15.66,,,32.3,NGTS_Clay_ONSB01
14.520000000000001,0.5183333333333334,8.144444444444444,1.5712754555198283,441.0333333333333,15.87,,,18.7,NGTS_Clay_ONSB01
14.520000000000001,0.5183333333333334,8.144444444444444,1.5712754555198283,441.0333333333333,15.85,,,43.7,NGTS_Clay_ONSB01
14.82,0.572111111,9.644444444444446,1.6857642260633139,448.70000000000005,16.46,3.8,1.3761467889908259,,NGTS_Clay_ONSB01
14.82,0.572111111,9.644444444444446,1.6857642260633139,448.70000000000005,15.44,,,26.8,NGTS_Clay_ONSB01
14.89,0.5777999999999999,10.309999999999999,1.784354448,453.16,16.16,,,47.2,NGTS_Clay_ONSB01
14.89,0.5777999999999999,10.309999999999999,1.784354448,453.16,15.91,,,20.9,NGTS_Clay_ONSB01
3.1,0.2744444444444445,6.066666666666666,2.210526315789473,154.79444444444445,15.28,,,15.9,NGTS_Clay_ONSB02
3.2299999999999995,0.2784,6.180000000000001,2.219827586206897,161.983,15.58,1.3,1.912751677852349,,NGTS_Clay_ONSB02
4.300000000000001,0.26300000000000007,5.444444444444444,2.0701309674693698,173.2444444444444,15.03,,,16.2,NGTS_Clay_ONSB02
5.199999999999999,0.2625555555555556,4.933333333333334,1.8789674143038508,180.9777777777778,15.32,,,15.7,NGTS_Clay_ONSB02
5.25,0.2632,4.949999999999999,1.8806990881458965,181.71999999999997,16.01,0.7,1.0653753026634383,,NGTS_Clay_ONSB02
9.2,0.3976666666666666,8.122222222222224,2.0424699636770054,288.1111111111111,17.02,,,23.3,NGTS_Clay_ONSB02
10.479999999999999,0.46022222222222225,8.155555555555557,1.7720907774022217,320.41111111111115,17.86,,,16,NGTS_Clay_ONSB03
10.600000000000001,0.44899999999999995,8.355555555555558,1.8609255134867615,321.4555555555556,17.96,,,26.1,NGTS_Clay_ONSB03
12.440000000000001,0.48000000000000004,9.022222222,1.879629629629629,364.83333333333337,17.52,,,22,NGTS_Clay_ONSB03
8.42,0.3672222222222223,6.566666666666666,1.788199697428139,260.0777777777778,16.55,0.7,,,NGTS_Clay_ONSB04
8.52,0.3592222222222222,6.888888888888889,1.917723476647077,267.5222222222222,17.94,,,,NGTS_Clay_ONSB04
9.02,0.38522222222222224,6.833333333333334,1.773867897317566,271.5222222222222,17.9,1.3,1.09375,,NGTS_Clay_ONSB04
9.08,0.3913333333333333,7.833333333333333,2.001703577512777,276.77777777777777,17.75,,,24.1,NGTS_Clay_ONSB04
10.019999999999998,0.41722222222222227,7.988888888888891,1.9147802929427433,301.72222222222223,17.93,1.6,1.123244929797192,,NGTS_Clay_ONSB04
10.129999999999999,0.4103,7.510000000000001,1.8303680233975141,315.42,17.92,,,25.3,NGTS_Clay_ONSB04
8.969999999999999,0.38099999999999995,6.220000000000001,1.6325459317585307,270.67999999999995,17.09,1,,,NGTS_Clay_ONSB05
9.07,0.39049999999999996,7.660000000000001,1.9615877080665818,276.51000000000005,17.47,,,24.9,NGTS_Clay_ONSB05
9.969999999999999,0.4163,7.92,1.9024741772760028,303.27,17.6,1.6,1.2695924764890283,,NGTS_Clay_ONSB05
10.07,0.4123,7.790000000000001,1.8894009216589864,309.94,17.82,,,26.4,NGTS_Clay_ONSB05
10.969999999999999,0.43390000000000006,8.6,1.9820235077206725,329.31,18.27,1.8,1.1673699015471168,,NGTS_Clay_ONSB05
11.07,0.4292999999999999,7.99,1.8611693454460756,327.0400000000001,18.13,,,25.9,NGTS_Clay_ONSB05
5.67,0.27649999999999997,5.71,2.0650994575045214,198.24,16.29,0.5,,,NGTS_Clay_ONSB06
6.300000000000001,0.3034444444444444,5.833333333333334,1.922372757231784,214.74444444444444,16.03,1.3,1.6756756756756757,,NGTS_Clay_ONSB06
6.3999999999999995,0.30244444444444446,6.033333333333333,1.9948567229977958,216.7,16.22,,,14.8,NGTS_Clay_ONSB06
7.199999999999999,0.3254444444444445,6.699999999999999,2.058723113690679,237.13333333333335,16.48,1.6,1.6513761467889907,,NGTS_Clay_ONSB06
7.299999999999999,0.32422222222222224,7.077777777777778,2.1830020562028785,240.68888888888887,16.39,,,17.2,NGTS_Clay_ONSB06
8.669999999999998,0.35890000000000005,7.1,1.9782669267205348,272.67999999999995,17.4,0.9,,,NGTS_Clay_ONSB06
8.78,0.3688888888888889,7,1.8975903614457834,272,17.58,,,22.6,NGTS_Clay_ONSB06
5.65,0.276,5.7299999999999995,2.076086956521739,197.21,15.99,0.5,,,NGTS_Clay_ONSB07
5.779999999999999,0.28177777777777774,5.511111111,1.9558359621451107,200.46666666666667,15.84,,,13.5,NGTS_Clay_ONSB07
6.269999999999999,0.30219999999999997,5.92,1.9589675711449372,213.35999999999999,15.99,1.2,1.4945652173913044,,NGTS_Clay_ONSB07
6.369999999999999,0.3027,5.8999999999999995,1.9491245457548723,215.58,16,,,16.1,NGTS_Clay_ONSB07
7.269999999999999,0.32720000000000005,7.109999999999999,2.172982885085574,239.13000000000002,16.21,1.2,1.2698412698412698,,NGTS_Clay_ONSB07
7.37,0.32259999999999994,6.82,2.114073155610664,246.85,16.33,,,17.1,NGTS_Clay_ONSB07
8.669999999999998,0.35890000000000005,7.1,1.9782669267205348,272.67999999999995,17.19,1,,,NGTS_Clay_ONSB07
8.78,0.3688888888888889,7,1.8975903614457834,272,17.25,,,21.4,NGTS_Clay_ONSB07
6.6,0.29400000000000004,5.355555555555555,1.8216175359032496,218.42222222222222,15.71,0.6,1.0204081632653061,,NGTS_Clay_ONSB08
6.7299999999999995,0.3096,5.0699999999999985,1.637596899224806,223.82,16.69,,,16,NGTS_Clay_ONSB08
9.59,0.39059999999999995,7.19,1.8407578084997445,300.68999999999994,17.65,1.3,1.1475409836065573,,NGTS_Clay_ONSB08
9.7,0.394,6.655555555555555,1.6892272983643541,298.94444444444446,17.84,,,22.8,NGTS_Clay_ONSB08
8.669999999999998,0.35890000000000005,7.1,1.9782669267205348,272.67999999999995,17.48,1.1,,,NGTS_Clay_ONSB09
8.78,0.3688888888888889,7,1.8975903614457834,272,17.42,,,21.4,NGTS_Clay_ONSB09
9.629999999999999,0.3933,6.94,1.7645563183320623,298.63,17.92,2,1.4681892332789561,,NGTS_Clay_ONSB09
9.73,0.39319999999999994,6.74,1.7141403865717195,301.18,17.85,,,24.7,NGTS_Clay_ONSB09
10.57,0.4534000000000001,8.170000000000002,1.8019408910454344,321.44,17.92,1,,,NGTS_Clay_ONSB09
10.68,0.44222222222222224,9.033333333333335,2.042713567839196,322.79999999999995,17.84,,,25.6,NGTS_Clay_ONSB09
5.67,0.27649999999999997,5.71,2.0650994575045214,198.24,16.1,0.6,,,NGTS_Clay_ONSB10
5.779999999999999,0.28177777777777774,5.511111111,1.9558359621451107,200.46666666666667,16,,,12.5,NGTS_Clay_ONSB10
8.669999999999998,0.35890000000000005,7.1,1.9782669267205348,272.67999999999995,17.86,1,,,NGTS_Clay_ONSB10
8.78,0.3688888888888889,7,1.8975903614457834,272,17.62,,,19.8,NGTS_Clay_ONSB10
5.869999999999999,0.2823,5.38,1.9057739992915337,201.79,16.26,,,12.7,NGTS_Clay_ONSB11
6.1899999999999995,0.2972,6.070000000000001,2.0423956931359353,210.31,16.22,1.6,2.209944751381215,,NGTS_Clay_ONSB11
6.300000000000001,0.3034444444444444,5.833333333333334,1.922372757231784,214.74444444444444,16.14,,,15.4,NGTS_Clay_ONSB11
8.93,0.37960000000000005,6.140000000000001,1.617492096944152,270.67,17.34,1.3,1.1565836298932384,,NGTS_Clay_ONSB11
9.06,0.3896666666666666,7.522222222222222,1.9304248645566013,274.9666666666667,17.6,,,21.6,NGTS_Clay_ONSB11
5.98,0.2797777777777778,5.511111111111111,1.9698173153296268,201.87777777777777,16.2,0.9,1.440922190201729,,NGTS_Clay_ONSB12
6.17,0.29510000000000003,6.1400000000000015,2.080650626906134,209.47000000000003,16.2,0.7,1.5277777777777777,,NGTS_Clay_ONSB12
6.279999999999999,0.303,5.888888888888889,1.9435276861019437,213.47777777777776,16.14,,,16.3,NGTS_Clay_ONSB12
9.25,0.3961,7.69,1.9414289320878564,289.71,17.55,1.7,1.2991452991452992,,NGTS_Clay_ONSB12
9.37,0.3962,7.279999999999999,1.8374558303886925,292.59000000000003,17.72,,,21.2,NGTS_Clay_ONSB12
6.1,0.28522222222222227,6.144444444444444,2.1542656797818456,204.7111111111111,16.03,,,13.8,NGTS_Clay_ONSB13
7.04,0.308,5.977777777777778,1.940836940836941,232.46666666666664,16.73,,,16.3,NGTS_Clay_ONSB13
12.339999999999998,0.41797499999999993,11.183333333333335,2.675598620332158,357.2916666666667,17.64,1.7,1.240506329113924,,NGTS_Clay_ONSB14
11.7,0.4723333333333334,9.044444444444444,1.914843566219713,357.1888888888889,16.93,,,26.3,NGTS_Clay_ONSB21
11.83,0.4747,7.92,1.6684221613650727,365.51,17.47,1.5,1.25,,NGTS_Clay_ONSB21
12.829999999999998,0.49939999999999996,9.55,1.9122947537044455,372.42,17.53,2.7,1.2804878048780488,,NGTS_Clay_ONSB21
12.9,0.49599999999999994,9.622222222222222,1.9399641577060933,378.5333333333333,17.41,,,33.5,NGTS_Clay_ONSB21
13.75,0.5106,7.839999999999999,1.5354484919702307,413.52,15.86,,,36.3,NGTS_Clay_ONSB21
13.830000000000002,0.5133000000000001,7.739999999999999,1.5078901227352421,415.62,16.25,4.3,1.9438202247191012,,NGTS_Clay_ONSB21
5.7,0.27655555555555555,5.633333333333334,2.0369626355966255,199.07777777777775,15.92,1,1.3243243243243243,,NGTS_Clay_ONSB22
5.779999999999999,0.28177777777777774,5.511111111,1.9558359621451107,200.46666666666667,15.75,,,12.9,NGTS_Clay_ONSB22
6.8999999999999995,0.3178888888888889,6.477777777777778,2.0377490387976227,227.0888888888889,16.08,1.2,1.4090909090909092,,NGTS_Clay_ONSB22
6.98,0.3164444444444445,6.533333333333334,2.064606741573034,233.54444444444445,15.93,,,16,NGTS_Clay_ONSB22
7.530000000000001,0.3302,6.5200000000000005,1.9745608721986676,252.82999999999998,15.99,,,17,NGTS_Clay_ONSB22
7.65,0.33120000000000005,6.639999999999999,2.0048309178743953,251.92000000000002,15.45,1.4,1.3877551020408163,,NGTS_Clay_ONSB22
13.7,0.5107777777777778,7.888888888888889,1.5444855340439418,414.4333333333333,17.74,2.9,1.4431818181818181,,NGTS_Clay_ONSB22
13.78,0.512888889,7.788888888888888,1.5186308492201037,413.7,17.54,,,32.2,NGTS_Clay_ONSB22
14.45,0.5245,8.190000000000001,1.5614871306005722,447.30999999999995,16.15,3.5,1.7849462365591398,,NGTS_Clay_ONSB22
14.58,0.5262222222222221,8.3,1.5772804054054057,440.4666666666667,16.16,,,42,NGTS_Clay_ONSB22
15.279999999999998,0.5935555555555555,11.68888888888889,1.969299887682516,461.0888888888889,15.8,,,38.6,NGTS_Clay_ONSB22
15.35,0.602,11.489999999999998,1.9086378737541525,469.21000000000004,15.66,3,1.4747474747474747,,NGTS_Clay_ONSB22
8.91,0.3789,6.24,1.6468725257323833,269.99,16.67,0.9,1.087719298245614,,NGTS_Clay_ONSB25
8.979999999999999,0.3813333333333333,6.222222222222223,1.631701631701632,270.8111111111111,16.53,,,21.5,NGTS_Clay_ONSB25
9.18,0.398111111,8.244444444444445,2.0708903153781755,286.67777777777775,16.67,,,21.1,NGTS_Clay_ONSB25
10.14,0.4116666666666666,7.488888888888888,1.8191632928475032,318.67777777777775,17.31,,,22.8,NGTS_Clay_ONSB25
10.159999999999998,0.41155555555555545,7.211111111111112,1.752159827213824,322.2222222222223,17.69,1.3,1.1538461538461537,,NGTS_Clay_ONSB25
10.659999999999998,0.4442222222222222,8.866666666666667,1.9959979989995003,323.24444444444447,18.03,3,1.6376811594202898,,NGTS_Clay_ONSB25
10.79,0.4319,9.7,2.245890252373234,324.25999999999993,17.67,,,26.2,NGTS_Clay_ONSB25
8.7,0.3608888888888889,7.166666666666667,1.9858374384236452,272.18888888888887,16.83,0.8,0.7321428571428571,,NGTS_Clay_ONSB27
8.78,0.3688888888888889,7,1.8975903614457834,272,16.51,,,18.9,NGTS_Clay_ONSB27
10.100000000000001,0.41011111111111104,7.622222222222222,1.8585749119479817,312.52222222222224,17.67,1.1,1.0461538461538462,,NGTS_Clay_ONSB27
10.18,0.413,6.9222222222222225,1.6760828625235407,323.8,17.46,,,22.7,NGTS_Clay_ONSB27
10.65,0.44460000000000005,8.809999999999999,1.9815564552406653,323.25,17.77,,,24.9,NGTS_Clay_ONSB27
10.76,0.4324444444444444,9.755555555555555,2.2559095580678314,322.91111111111115,17.78,1.5,1.2318840579710144,,NGTS_Clay_ONSB27
11.549999999999999,0.47120000000000006,8.68,1.8421052631578945,347.63,17.86,,,26.7,NGTS_Clay_ONSB27
11.709999999999999,0.4720000000000001,8.96,1.8983050847457623,358.90000000000003,17.73,,,28.4,NGTS_Clay_ONSB27
11.87,0.47539999999999993,7.9399999999999995,1.6701724863273033,365.62,17.88,,,28.2,NGTS_Clay_ONSB27
12.73,0.5,9.059999999999999,1.8119999999999998,378.65,17.44,,,30.4,NGTS_Clay_ONSB27
13.569999999999999,0.5175,8.87,1.7140096618357488,418.9,17.68,,,32.1,NGTS_Clay_ONSB27
8.54,0.35866666666666663,7.055555555555555,1.9671623296158613,268.73333333333335,16.34,,,19.3,NGTS_Clay_ONSB28
8.7,0.3608888888888889,7.166666666666667,1.9858374384236452,272.18888888888887,16.56,0.8,1.0357142857142858,,NGTS_Clay_ONSB28
9.65,0.3944,6.88,1.7444219066937119,298.36,17.13,2.2,1.532258064516129,,NGTS_Clay_ONSB28
9.73,0.39319999999999994,6.74,1.7141403865717195,301.18,17.07,,,22.5,NGTS_Clay_ONSB28
10.65,0.44460000000000005,8.809999999999999,1.9815564552406653,323.25,17.95,1.5,1.25,,NGTS_Clay_ONSB28
10.669999999999998,0.44279999999999997,9.000000000000002,2.0325203252032527,323.29,17.63,,,24.7,NGTS_Clay_ONSB28
6.900833333333332,0.24138333333333337,7.175,2.9724504591590137,225.63333333333335,15.75,,,16.7,NGTS_Clay_ONSB29
9.961666666666666,0.33225,9.558333333333335,2.876849761725609,313.75833333333327,15.87,,,21.4,NGTS_Clay_ONSB29
3.1200000000000006,0.20607499999999998,5.433333333333333,2.6365805329774754,135.58333333333334,15.8,,,11.3,NGTS_Clay_ONSB41
3.3385714285714285,0.20485714285714285,5.478571428571429,2.674337517433752,138.77857142857144,15.94,,,11.8,NGTS_Clay_ONSB41
3.4820000000000007,0.20323000000000002,5.65,2.780101362987748,145.14000000000001,15.81,,,7.3,NGTS_Clay_ONSB41
5.12,0.18978461538461536,4.776923076923077,2.517023346303502,171.2,15.62,0.9,1.5845070422535212,,NGTS_Clay_ONSB41
5.220000000000001,0.18274285714285715,5.285714285714286,2.892432770481551,175.27142857142857,15.3,,,9.6,NGTS_Clay_ONSB41
5.270909090909091,0.19061818181818183,4.881818181818181,2.5610454025181224,175.86363636363637,15.54,0.5,1.0069444444444444,,NGTS_Clay_ONSB41
5.4700000000000015,0.17642500000000003,4.466666666666666,2.531765150441641,175.23333333333332,15.44,,,11.9,NGTS_Clay_ONSB41
5.630000000000001,0.19241818181818182,4.618181818181819,2.4000755929320614,183.89999999999998,15.39,,,7.1,NGTS_Clay_ONSB41
6.620769230769229,0.22544615384615385,6.700000000000001,2.9718848096082984,215.7076923076923,15.49,,,13.4,NGTS_Clay_ONSB41
6.84,0.23168333333333335,7.574999999999999,3.2695489533127104,222.0583333333333,15.71,,,16.2,NGTS_Clay_ONSB41
6.969166666666667,0.24085000000000004,7.125,2.958272783890388,224.42499999999998,15.73,,,9.4,NGTS_Clay_ONSB41
8.619230769230768,0.3020307692307692,9.076923076923077,3.0052974735126323,270.5153846153846,16.03,1.4,1.2777777777777777,,NGTS_Clay_ONSB41
8.670000000000002,0.30125,9.208333333333332,3.0567081604425996,269.0833333333333,16.31,1,1.0681399631675876,,NGTS_Clay_ONSB41
8.720909091,0.2895272727272727,9.490909090909092,3.2780708364732485,269.29090909090905,15.59,,,15.9,NGTS_Clay_ONSB41
8.870769230769229,0.3033076923076923,8.746153846153847,2.8835911742328184,277.4307692307692,16.13,,,20.3,NGTS_Clay_ONSB41
9.019090909090908,0.3266454545454545,9.845454545454546,3.0141103782249314,261.1727272727273,16.43,,,12.4,NGTS_Clay_ONSB41
10.180833333333332,0.33792500000000003,9.900000000000002,2.929644151808834,314.93333333333334,16.44,,,22.8,NGTS_Clay_ONSB41
10.321428571428573,0.34090714285714274,9.842857142857143,2.8872545938357757,306.79285714285714,16.6,,,25.2,NGTS_Clay_ONSB41
10.479999999999999,0.34856666666666664,10.51666666666667,3.0171177201874353,334.85833333333335,17.28,,,26.3,NGTS_Clay_ONSB41
11.120000000000001,0.36004285714285716,11.792857142857144,3.2754037217791536,331.87857142857143,16.78,,,22.8,NGTS_Clay_ONSB41
11.37,0.38590833333333335,11.408333333333331,2.956228810814312,310.97499999999997,17.28,,,25.7,NGTS_Clay_ONSB41
11.5,0.3578923076923077,11.85384615384615,3.3121265528951547,337.7461538461538,17.33,,,17,NGTS_Clay_ONSB41
12.180769230769231,0.3357384615384615,10.469230769230771,3.118269715437842,382.0692307692307,17.59,,,28.9,NGTS_Clay_ONSB41
12.321333333333335,0.37817333333333336,8.033333333333333,2.124246377322568,351.6066666666667,17.66,,,27.6,NGTS_Clay_ONSB41
12.48,0.40096363636363636,10.68181818181818,2.6640366390060306,376.6363636363636,17.79,,,28,NGTS_Clay_ONSB41
14.12090909090909,0.4361909090909091,8.945454545454545,2.050811779662783,428.91818181818184,17.01,,,27,NGTS_Clay_ONSB41
14.499999999999998,0.4658923076923077,7.8692307692307715,1.6890664729386127,445.4769230769231,18.53,,,22,NGTS_Clay_ONSB41
14.630833333333328,0.4734666666666667,8.975,1.8955927907631651,454.43333333333334,17.23,,,34.5,NGTS_Clay_ONSB41
16.11769230769231,0.5099000000000001,12.161538461538461,2.385083047958121,487.23076923076917,17.48,1.9,1.1039558417663293,,NGTS_Clay_ONSB41
16.170833333333338,0.5000500000000001,12.175000000000002,2.434756524347565,491.12500000000006,17.48,1.9,1.008249312557287,,NGTS_Clay_ONSB41
16.219999999999995,0.5037,11.966666666666669,2.3757527628879624,484.04166666666674,17.13,,,30.7,NGTS_Clay_ONSB41
16.400000000000002,0.5332000000000001,12.174999999999999,2.2833833458364583,492.52500000000003,17.28,,,38,NGTS_Clay_ONSB41
16.540000000000003,0.5182818181818182,12.890909090909092,2.4872393046955854,504.6636363636363,17.25,,,19.9,NGTS_Clay_ONSB41
19.121000000000002,0.5959500000000001,12.25,2.0555415722795534,562.7,17.75,3.1,1.2251148545176112,,NGTS_Clay_ONSB41
19.17,0.5992583333333333,11.75,1.9607570469052025,575.9250000000001,18.06,3.9,1.0687022900763359,,NGTS_Clay_ONSB41
19.219999999999995,0.618675,11.400000000000004,1.8426475936477158,571.5583333333333,17.91,,,31.6,NGTS_Clay_ONSB41
19.360000000000003,0.6069166666666665,13.466666666666663,2.2188658519840727,529.2583333333333,17.9,,,42.7,NGTS_Clay_ONSB41
19.520833333333332,0.7133333333333334,9.233333333333336,1.2943925233644862,539.8416666666667,17.97,,,21.9,NGTS_Clay_ONSB41
2.95,0.1912,8.91,4.660041841004184,201.927,15.88,,,16.4,NGTS_Clay_ONSB43
3.0500000000000003,0.17579999999999998,8.790000000000001,5.000000000000001,206.13299999999998,16.03,1.4,2.0863309352517985,,NGTS_Clay_ONSB43
2,0.5913,-1.2,-0.202942669,20.9,16.89,,,,NGTS_Sand_OYSB09
2.64,5.110130000000001,16.029999999999998,0.3136906497486364,18.56,16.89,,,,NGTS_Sand_OYSB09
3,5.841669999999999,12.9,0.22082726343665426,9.809999999999999,14.92,,,,NGTS_Sand_OYSB09
3.47,11.51941,52.7,0.4574887081890479,44.32,14.92,,,,NGTS_Sand_OYSB09
6,5.007160000000001,27.580000000000002,0.5508112383067446,33.54,20.22,,,,NGTS_Sand_OYSB09
6.5,6.76233,13.830000000000002,0.20451530759368441,46.64,20.22,,,,NGTS_Sand_OYSB09
7,2.40395,36.88,1.534141725077477,82.65,19.35,,,,NGTS_Sand_OYSB09
7.62,5.132560000000001,34.92,0.6803622363888585,149.23000000000002,19.35,,,,NGTS_Sand_OYSB09
8,11.53164,52.83,0.4581308469567208,112.07000000000001,13.08,,,,NGTS_Sand_OYSB09
8.64,8.821270000000002,50.35999999999999,0.5708928532966339,63.09000000000001,13.08,,,,NGTS_Sand_OYSB09
9,8.072439999999999,29.379999999999995,0.3639543929716418,74.85,19.61,,,,NGTS_Sand_OYSB09
9.61,10.08515,42.28000000000001,0.419230254,105.08,19.61,,,,NGTS_Sand_OYSB09
10,7.12226,35.40000000000001,0.497033245,83.07000000000001,19.48,,,,NGTS_Sand_OYSB09
10.61,2.6210199999999997,36.330000000000005,1.3861015940359103,127.32000000000001,19.48,,,,NGTS_Sand_OYSB09
11,2.71414,27.409999999999997,1.0098963207498506,175.38,19.03,,,,NGTS_Sand_OYSB09
11.62,5.91737,59.370000000000005,1.0033173521344787,139.95,19.03,,,,NGTS_Sand_OYSB09
12,2.94839,53.410000000000004,1.811497122158195,132.05,18.98,,,,NGTS_Sand_OYSB09
12.64,4.18367,55.580000000000005,1.3284986626574278,139.21999999999997,18.98,,,,NGTS_Sand_OYSB09
13,4.00368,59,1.4736442472924909,141.95000000000002,18.42,,,,NGTS_Sand_OYSB09
13.62,2.9394799999999996,42.63,1.450256507953788,271.34,18.42,,,,NGTS_Sand_OYSB09
14,3.1726600000000005,41.75,1.315930481047449,209.08999999999997,18.76,,,,NGTS_Sand_OYSB09
14.62,1.4770800000000002,32.86000000000001,2.2246594632653616,277.6,18.76,,,,NGTS_Sand_OYSB09
15,1.5874000000000001,27.790000000000003,1.7506614589895428,302.25000000000006,18.38,,,,NGTS_Sand_OYSB09
15.61,4.891789999999999,71.84,1.4685830749071407,214.77000000000004,18.38,,,,NGTS_Sand_OYSB09
16,3.2543899999999994,48.49999999999999,1.4902946481521884,251.77000000000004,18.41,,,,NGTS_Sand_OYSB09
16.6,3.5706300000000004,70.82,1.9834034890201444,202.32000000000005,18.41,,,,NGTS_Sand_OYSB09
17,2.45322,41.85,1.7059211974466213,294.55000000000007,19.28,,,,NGTS_Sand_OYSB09
17.61,4.341659999999999,51.68000000000001,1.1903281233445278,272.2,19.28,,,,NGTS_Sand_OYSB09
18,2.82304,58.33,2.066212310133756,250.22000000000003,18.55,,,,NGTS_Sand_OYSB09
18.64,7.458830000000001,46.5,0.623422172,241.07,18.55,,,,NGTS_Sand_OYSB09
19,6.535030000000001,63.38000000000001,0.9698501766633054,226.87000000000003,17.27,,,,NGTS_Sand_OYSB09
19.68,4.927480000000001,86.27000000000001,1.7507935090553384,238.29999999999995,17.27,,,,NGTS_Sand_OYSB09
3.05,1.2745454545454544,22.914545454545454,1.7978601997146935,49.89909090909091,18.4,,,,NGTS_Silt_HALB01
3.4,2.758363636363636,10.78818181818182,0.39110803506690406,127.9672727272727,18.97,,,,NGTS_Silt_HALB01
3.775,0.9360000000000002,14.920000000000003,1.5940170940170941,84.626,19.2,,,,NGTS_Silt_HALB01
4.035,0.9470000000000001,3.93,0.41499472016895456,90.34700000000001,19.1,,,,NGTS_Silt_HALB01
4.364999999999999,1.5759,5.245999999999999,0.3328891427121009,138.848,19.518047888857645,,,,NGTS_Silt_HALB01
4.385,1.4289,4.433000000000001,0.31023864511162436,128.44,19.58,,,,NGTS_Silt_HALB01
4.465,0.6086,4.646,0.7633913900755833,113.02199999999999,18.96,3.9,1.875,,NGTS_Silt_HALB01
4.645,0.617,4.762,0.7717990275526742,99.233,18.5,6,3.125,,NGTS_Silt_HALB01
4.785,0.7171000000000001,4.4510000000000005,0.6206944638125784,107.14699999999999,18.96824913701348,,,,NGTS_Silt_HALB01
5.295,0.6028,4.271,0.7085268745852689,120.64800000000001,18.96,,,,NGTS_Silt_HALB01
5.295,0.6028,4.271,0.7085268745852689,120.64800000000001,18.96,,,32,NGTS_Silt_HALB01
5.295,0.6028,4.271,0.7085268745852689,120.64800000000001,18.95,,,41.1,NGTS_Silt_HALB01
5.785,0.6897,8.320999999999998,1.206466579672321,121.63999999999997,19.18,,,,NGTS_Silt_HALB01
6.045,0.7739,7.909000000000001,1.021966662359478,134.156,18.53,,,,NGTS_Silt_HALB01
6.375,0.8096,7.914000000000001,0.9775197628458498,148.678,18.94,,,,NGTS_Silt_HALB01
6.784999999999999,0.9911000000000001,12.52,1.2632428614670566,149.64600000000002,19.37,,,,NGTS_Silt_HALB01
7.045,0.9493,13.049999999999997,1.3746971452649315,151.534,19.02,,,,NGTS_Silt_HALB01
7.385,0.8378,9.951000000000002,1.1877536404869902,168.6,19.08,,,,NGTS_Silt_HALB01
7.495,0.7839000000000002,9.317,1.1885444572011734,169.76999999999998,19.22,,,,NGTS_Silt_HALB01
7.495,0.7839000000000002,9.317,1.1885444572011734,169.76999999999998,19.22,,,29.5,NGTS_Silt_HALB01
7.545,0.7723,8.863,1.1476110319823902,172.76,19,,,,NGTS_Silt_HALB01
7.545,0.7723,8.863,1.1476110319823902,172.76,19,,,,NGTS_Silt_HALB01
7.594999999999999,0.7968,8.609,1.0804467871485943,181.015,18.99,,,42.2,NGTS_Silt_HALB01
7.784999999999999,0.7849000000000002,7.697,0.980634476,204.384,19.33,,,,NGTS_Silt_HALB01
8.045,0.7491,7.71,1.029235082098518,196.449,19.06,,,,NGTS_Silt_HALB01
8.375,0.9298,10.377,1.1160464616046462,209.411,19.09,,,,NGTS_Silt_HALB01
8.594999999999999,1.0009000000000001,11.049,1.103906484164252,210.84,19.07,,,,NGTS_Silt_HALB01
8.594999999999999,1.0009000000000001,11.049,1.103906484164252,210.84,19.07,,,49.8,NGTS_Silt_HALB01
10.045,0.9945000000000002,10.515,1.057315233785822,249.15499999999997,19.28,,,,NGTS_Silt_HALB01
10.364999999999998,0.9376,9.402000000000003,1.0027730375426624,272.934,19.297955263234144,,,,NGTS_Silt_HALB01
10.495,0.9952,10.884999999999998,1.09375,264.582,19,,,,NGTS_Silt_HALB01
10.495,0.9952,10.884999999999998,1.09375,264.582,19,,,36.9,NGTS_Silt_HALB01
10.775,1.0258999999999998,12.360000000000001,1.2047957890632617,260.526,19.85,,,,NGTS_Silt_HALB01
12.045,1.1407,14.720000000000002,1.2904356973788027,279.548,19.43,,,,NGTS_Silt_HALB01
12.344999999999999,1.2455000000000003,13.639999999999999,1.0951425130469687,301.268,19.885934644142896,,,,NGTS_Silt_HALB01
12.375,1.2834,14.52,1.1313697989714817,299.42799999999994,19.53,,,,NGTS_Silt_HALB01
12.594999999999999,1.2643,14.822999999999999,1.1724274301985287,289.641,19.55,,,62,NGTS_Silt_HALB01
3.1950000000000003,0.8801,11.785,1.3390523804113168,107.22499999999998,19.77407773349656,,,,NGTS_Silt_HALB02
3.3550000000000004,2.6018,5.602,0.215312476,145.671,20.316547612821207,,,,NGTS_Silt_HALB02
3.6349999999999993,1.7328,24.169999999999998,1.3948522622345336,70.40500000000002,19.13612937,,,,NGTS_Silt_HALB02
4.395,4.6013,12.549,0.2727272727272727,135.57599999999996,18.954434058068927,,,,NGTS_Silt_HALB02
5.165,0.46109999999999995,5.335000000000001,1.1570158317067885,105.80000000000001,18.94007805181849,,,,NGTS_Silt_HALB02
5.295,0.5787,6.64,1.1473993433557972,111.27499999999999,18.871746489387718,,,,NGTS_Silt_HALB02
6.195000000000001,0.6885000000000001,8.559000000000001,1.2431372549019608,109.21500000000002,18.975745161317825,,,,NGTS_Silt_HALB02
7.094999999999999,0.7995000000000001,10.108,1.264290181363352,121.11500000000001,19.094400255263412,,,,NGTS_Silt_HALB02
7.994999999999999,0.859,10.349,1.2047729918509895,150.092,19.16521399030799,,,,NGTS_Silt_HALB02
8.895,0.9398000000000002,10.94,1.1640774632900615,174.095,19.21041121729231,,,,NGTS_Silt_HALB02
9.485,0.8506,7.9300000000000015,0.9322830942863862,204.31999999999996,19.298668098267278,,,,NGTS_Silt_HALB02
10.694999999999999,1.0686,10.986,1.0280741156653566,251.74799999999996,19.300025380287963,,,,NGTS_Silt_HALB02
11.594999999999999,1.346,14.625,1.0865527488855868,272.58700000000005,19.545115491142447,,,,NGTS_Silt_HALB02
12.495,1.7998,17.672,0.981886876,303.4339999999999,19.67358449007949,,,,NGTS_Silt_HALB02
13.395,2.1841999999999997,13.249,0.6065836461862467,336.561,20.11802044,,,,NGTS_Silt_HALB02
14.235,1.8718000000000004,12.475,0.6664707767923922,335.27500000000003,20.375329587156507,,,,NGTS_Silt_HALB02
5.3149999999999995,0.8702,7.797,0.896000919,123.233,19.41,,,,NGTS_Silt_HALB03
5.3149999999999995,0.8702,7.797,0.896000919,123.233,19.41,,,31.8,NGTS_Silt_HALB03
5.415,0.8143999999999998,7.2379999999999995,0.8887524557956781,120.12399999999998,19.62,11.2,18.46153846153846,,NGTS_Silt_HALB03
7.495,0.9889999999999999,8.756,0.8853387259858445,145.65,19.26,7.922,3.7037037037037037,,NGTS_Silt_HALB03
7.5649999999999995,0.9296999999999999,8.497000000000002,0.9139507367968166,144.66899999999998,18.55,,,,NGTS_Silt_HALB03
7.5649999999999995,0.9296999999999999,8.497000000000002,0.9139507367968166,144.66899999999998,18.55,,,34.3,NGTS_Silt_HALB03
8.275,0.9292999999999999,8.056000000000003,0.8668890562789199,172.03000000000003,19.74,8.4,5.851063829787234,,NGTS_Silt_HALB03
8.454999999999998,0.9921,9.519000000000002,0.9594798911400063,166.855,18.79,,,44.7,NGTS_Silt_HALB03
10.245,0.9981000000000002,8.267,0.8282737200681292,211.65099999999998,18.88,,,,NGTS_Silt_HALB03
10.245,0.9981000000000002,8.267,0.8282737200681292,211.65099999999998,18.88,,,36.9,NGTS_Silt_HALB03
10.325,0.9875,8.075000000000001,0.8177215189873419,213.745,19.71,,,,NGTS_Silt_HALB03
10.325,0.9875,8.075000000000001,0.8177215189873419,213.745,19.71,11.8,2.5,,NGTS_Silt_HALB03
14.304999999999998,1.4772999999999998,12.31,0.8332769241183242,271.2990000000001,19.97,16.059,2.5316455696202533,,NGTS_Silt_HALB03
14.415000000000001,1.3331,12.61,0.9459155352186632,280.8229999999999,20.01,,,71.6,NGTS_Silt_HALB03
5.264999999999999,0.7150000000000001,8.67,1.2125874125874123,38.288000000000004,19.45,5.249,4.615384615384615,,NGTS_Silt_HALB04
5.275,0.655,8.562,1.307175572519084,38.885000000000005,18.93,,,,NGTS_Silt_HALB04
5.275,0.655,8.562,1.307175572519084,38.885000000000005,18.93,,,33.9,NGTS_Silt_HALB04
7.025,0.8570000000000002,22.456,2.6203033838973155,76.17399999999999,18.63,,,36.3,NGTS_Silt_HALB04
7.025,0.8570000000000002,22.456,2.6203033838973155,76.17399999999999,18.8,,,32.9,NGTS_Silt_HALB04
7.025,0.8570000000000002,22.456,2.6203033838973155,76.17399999999999,19.31,6.955,4.320987654320987,,NGTS_Silt_HALB04
7.025,0.8570000000000002,22.456,2.6203033838973155,76.17399999999999,19.41,,,,NGTS_Silt_HALB04
8.014999999999999,0.7599999999999999,18.131,2.3856578947368425,167.70300000000003,19.18,,,,NGTS_Silt_HALB04
8.014999999999999,0.7599999999999999,18.131,2.3856578947368425,167.70300000000003,19.33,,,40.5,NGTS_Silt_HALB04
8.014999999999999,0.7599999999999999,18.131,2.3856578947368425,167.70300000000003,19.87,7.1,3.5869565217391304,,NGTS_Silt_HALB04
8.165000000000001,0.8049999999999999,20.281,2.519378881987578,163.463,19.52,5.8,3.260869565217391,,NGTS_Silt_HALB04
8.355,0.7689999999999999,17.919999999999998,2.330299089726918,183.54999999999998,19.15,,,,NGTS_Silt_HALB04
8.355,0.7689999999999999,17.919999999999998,2.330299089726918,183.54999999999998,19.15,6.1,2.5925925925925926,45.2,NGTS_Silt_HALB04
8.395,0.7699999999999999,18.383000000000003,2.3874025974025983,183.19700000000003,19.46,7.498,3.0851063829787235,,NGTS_Silt_HALB04
8.415000000000001,0.7699999999999999,18.569,2.4115584415584417,181.81400000000002,19.56,9.2,3.297872340425532,,NGTS_Silt_HALB04
10.065000000000001,0.9549999999999997,20.128,2.1076439790575923,207.03299999999996,19.14,,,38.8,NGTS_Silt_HALB04
10.065000000000001,0.9549999999999997,20.128,2.1076439790575923,207.03299999999996,19.1,,,41.2,NGTS_Silt_HALB04
10.065000000000001,0.9549999999999997,20.128,2.1076439790575923,207.03299999999996,20.04,9.5,2.0535714285714284,,NGTS_Silt_HALB04
11.444999999999999,0.9459999999999997,18.083000000000002,1.9115221987315016,281.40700000000004,19.25,9.4,,,NGTS_Silt_HALB04
11.444999999999999,0.9459999999999997,18.083000000000002,1.9115221987315016,281.40700000000004,19.25,11.3,,50.3,NGTS_Silt_HALB04
11.444999999999999,0.9459999999999997,18.083000000000002,1.9115221987315016,281.40700000000004,19.37,,,49.1,NGTS_Silt_HALB04
11.444999999999999,0.9459999999999997,18.083000000000002,1.9115221987315016,281.40700000000004,19.47,,,,NGTS_Silt_HALB04
12.575000000000001,0.8939999999999999,18.250000000000004,2.0413870246085017,313.361,19.12,,,59.5,NGTS_Silt_HALB04
13.544999999999998,1.001,21.3,2.1278721278721284,296.872,19.77,,,64.7,NGTS_Silt_HALB04
14.475,1.208,23.310000000000002,1.929635761589404,282.842,20.26,,,,NGTS_Silt_HALB04
14.475,1.208,23.310000000000002,1.929635761589404,282.842,20.23,,,,NGTS_Silt_HALB04
14.475,1.208,23.310000000000002,1.929635761589404,282.842,20.26,,,39.2,NGTS_Silt_HALB04
14.475,1.208,23.310000000000002,1.929635761589404,282.842,20.23,,,50.3,NGTS_Silt_HALB04
14.575,1.214,23.355999999999998,1.9238879736408567,280.403,20.69,,,,NGTS_Silt_HALB04
14.594999999999999,1.226,22.406999999999996,1.8276508972267533,283.94700000000006,20.08,,,,NGTS_Silt_HALB04
14.594999999999999,1.226,22.406999999999996,1.8276508972267533,283.94700000000006,20.78,,,,NGTS_Silt_HALB04
14.594999999999999,1.226,22.406999999999996,1.8276508972267533,283.94700000000006,20.08,,,70.1,NGTS_Silt_HALB04
14.594999999999999,1.226,22.406999999999996,1.8276508972267533,283.94700000000006,20.69,16.7,2.5949367088607596,,NGTS_Silt_HALB04
14.594999999999999,1.226,22.406999999999996,1.8276508972267533,283.94700000000006,20.78,11,,,NGTS_Silt_HALB04
9.345,0.82,18.608999999999998,2.2693902439024387,195.434,20.05,9.121,1.7924528301886793,,NGTS_Silt_HALB05
9.444999999999999,0.7809999999999999,17.519999999999996,2.2432778489116516,225.888,18.7,,,46.9,NGTS_Silt_HALB05
9.565000000000001,0.86,17.474999999999998,2.0319767441860463,211.67999999999995,19.39,7,2.858481724461106,,NGTS_Silt_HALB05
9.595,0.8539999999999999,18.429000000000002,2.1579625292740054,213.767,19.25,,,,NGTS_Silt_HALB05
12.495,0.899,18.159999999999997,2.0200222469410454,318.63000000000005,19.56,,,57.9,NGTS_Silt_HALB05
12.704999999999998,0.8739999999999999,17.097,1.9561784897025176,329.196,19.87,7.27,0.8823529411764706,,NGTS_Silt_HALB05
7.994999999999999,0.751,18.418,2.452463382157124,164.079,18.912424378709822,,,,NGTS_Silt_HALB06
8.315,0.7680000000000001,17.893,2.329817708333333,183.13299999999998,19.65,,,40.3,NGTS_Silt_HALB06
8.465,0.761,18.203000000000003,2.3919842312746393,187.679,19.67,,,,NGTS_Silt_HALB06
8.645,0.8480000000000001,19.268,2.2721698113207545,176.95,19.1,,,11.7,NGTS_Silt_HALB06
8.715,0.833,20.337,2.4414165666266507,164.45700000000002,19.20316222624551,,,,NGTS_Silt_HALB06
9.525,0.8430000000000002,16.566000000000006,1.9651245551601426,224.51499999999996,18.832633177229773,,,,NGTS_Silt_HALB06
9.925,0.8150000000000001,17.35,2.1288343558282206,227.79399999999998,19.7,,,44,NGTS_Silt_HALB06
10.075,0.953,20.512,2.152360965372508,205.58699999999996,19.74,8.7,2.803738317757009,,NGTS_Silt_HALB06
11.395,0.889,16.628,1.870416197975253,298.34700000000004,19.7,,,53.5,NGTS_Silt_HALB06
12.525,0.8899999999999999,18.346,2.0613483146067417,312.42,19.240030237580996,,,,NGTS_Silt_HALB06
12.945000000000002,1.0150000000000001,19.805999999999997,1.9513300492610832,296.4919999999999,19.96,,,,NGTS_Silt_HALB06
13.065000000000001,0.946,20.875999999999998,2.206765328,297.7219999999999,19.92,11.4,1.619718309859155,,NGTS_Silt_HALB06
7.48,0.25,4,1.6,113.6,18.07685658,1.1764705882352942,1.7857142857142858,,Austria_site1
12.21,0.7,19.7,2.8142857142857145,178.8,17.67681549,1.3128038897893033,1.0593220338983051,,Austria_site1
15.06,1.05,21.3,2.0285714285714285,158.4,17.00174616,1.5547024952015358,1.224823081110506,,Austria_site1
7.48,0.25,4,1.6,113.6,17.70093319,0.6398809523809522,,,Austria_site1
12.21,0.7,19.7,2.8142857142857145,178.8,17.29811243,1.8549918060487425,,,Austria_site1
15.06,1.05,21.3,2.0285714285714285,158.4,17.5124417,1.8870583682242235,,,Austria_site1
7.48,0.25,4,1.6,113.6,17.7,,,,Austria_site1
12.21,0.7,19.7,2.8142857142857145,178.8,17.2,,,,Austria_site1
15.06,1.05,21.3,2.0285714285714285,158.4,17,,,,Austria_site1
5,3.1,8.7,0.2806451612903226,-47.8,19.5,5.231995395844051,1.4480408858603067,,Austria_site2
10.14,0.74,18.5,2.5,70.9,18,3.6585371491457597,1.0879848628192998,,Austria_site2
22,1.02,11.5,1.1274509803921569,622.8,18.1,,,,Austria_site2
16,0.72,9.2,1.2777777777777777,469.1,18.10095428,3.271983640081802,,,Austria_site2
19,0.89,8.8,0.9887640449438203,515,17.97,,,,Austria_site2
19,0.89,8.8,0.9887640449438203,515,17.97,,,,Austria_site2
22,1.02,11.5,1.1274509803921569,622.8,17.689999999999998,4.647058823529404,1.0067114093959733,,Austria_site2
22,1.02,11.5,1.1274509803921569,622.8,18.58129615,6.005398934528458,1.1505273250239694,,Austria_site2
22,1.02,11.5,1.1274509803921569,622.8,17.91483639,3.6544343414271974,,,Austria_site2
22,1.02,11.5,1.1274509803921569,622.8,17.7,,,,Austria_site2
9.4,0.56,13.7,2.446428571428571,278.9,18.224939325008002,3.127450980392154,0.9918845807033363,,Austria_site2
9.4,0.56,13.7,2.446428571428571,278.9,18.442035905271197,4.255318620076461,,,Austria_site2
9.9,0.62,12.7,2.0483870967741935,281,18.400000000000002,3.186269190364957,1.1722272317403066,,Austria_site2
12.9,0.69,9.5,1.3768115942028984,372.5,17.57663293,3.3427171718073794,1.0132501948558066,,Austria_site2
12.9,0.69,9.5,1.3768115942028984,372.5,17.92478355,,,,Austria_site2
12.9,0.69,9.5,1.3768115942028984,372.5,17.92478355,4.504654209528584,1.2081060015588463,,Austria_site2
11.9,1.3,20.5,1.5769230769230769,78.2,17.27821811,2.549525908801678,1.1691348402182384,,Austria_site2
14.9,0.66,8.4,1.2727272727272727,440.6,18.1137796,3.231548915711844,1.040988939492518,,Austria_site2
14.9,0.66,8.4,1.2727272727272727,440.6,17.89494207,3.121782530048615,1.073519843851659,,Austria_site2
14.9,0.66,8.4,1.2727272727272727,440.6,18.1137796,,,,Austria_site2
18.2,0.86,7.8,0.9069767441860465,510,18.59124332,5.879297416792763,1.122672508214677,,Austria_site2
18.2,0.86,7.8,0.9069767441860465,510,18.71060924,5.2875276605890935,1.2595837897042717,,Austria_site2
18.2,0.86,7.8,0.9069767441860465,510,17.94467787,4.847327134152902,1.0405257393209202,,Austria_site2
18.2,0.86,7.8,0.9069767441860465,510,18.63103196,5.825636147485031,1.2322015334063527,,Austria_site2
18.2,0.86,7.8,0.9069767441860465,510,18.69071492,4.573417777672579,1.3691128148959475,,Austria_site2
18.2,0.86,7.8,0.9069767441860465,510,18.611394853788802,4.3517679057116965,,,Austria_site2
18.2,0.86,7.8,0.9069767441860465,510,18.59124332,,,,Austria_site2
21.3,0.98,10.6,1.0816326530612244,610.4,17.89994041,4.039735099337753,1.002865329512894,,Austria_site2
21.3,0.98,10.6,1.0816326530612244,610.4,17.53744161,4.454773338225728,1.0506208213944603,,Austria_site2
21.3,0.98,10.6,1.0816326530612244,610.4,17.8352591,2.591682004297482,1.0506208213944603,,Austria_site2
21.3,0.98,10.6,1.0816326530612244,610.4,17.89994041,,,,Austria_site2
5.41,3.58,28.64,0.8,46.75,20.47493183,8.333333333333327,1.0294117647058822,,Austria_site6
10.11,0.71,11.89,1.6746478873239439,382.41,20.70998854,6.357835829265319,1.1676396997497915,,Austria_site6
12.01,0.75,11.08,1.4773333333333332,465.85,20.68014706,9.520970065660372,1.1371712864250179,,Austria_site6
15.81,0.84,6.96,0.8285714285714285,656.96,19.21243604,8.163265306122417,1.1660188784008885,,Austria_site6
19.61,1.01,8.97,0.8881188118811882,773.76,20.412432042344403,8.082191781,1.0242085661080074,,Austria_site6
22.61,1.11,9.13,0.8225225225225227,903.83,19.89432136,8.784965227082804,1.1731391585760518,,Austria_site6
10.11,0.71,11.89,1.6746478873239439,382.41,20.958667557932298,6.119025103899624,1.3344453711426187,,Austria_site6
12.01,0.75,11.08,1.4773333333333332,465.85,20.42152088,7.204987088122585,1.3503909026297087,,Austria_site6
15.81,0.84,6.96,0.8285714285714285,656.96,19.62574803,6.102933738,1.1660188784008885,,Austria_site6
19.61,1.01,8.97,0.8881188118811882,773.76,20.42152088,7.085186962,1.1173184357541899,,Austria_site6
22.61,1.11,9.13,0.8225225225225227,903.83,19.26765024,7.405125618,1.0922330097087378,,Austria_site6
12.01,0.75,11.08,1.4773333333333332,465.85,19.9,4.561403508771947,,,Austria_site6
15.81,0.84,6.96,0.8285714285714285,656.96,19.39993541,6.523325968,,,Austria_site6
19.61,1.01,8.97,0.8881188118811882,773.76,20,5.7985462960318195,,,Austria_site6
22.61,1.11,9.13,0.8225225225225227,903.83,19.506382098293898,6.021868288547912,,,Austria_site6
5.41,3.58,28.64,0.8,46.75,20.5,,,,Austria_site6
10.11,0.71,11.89,1.6746478873239439,382.41,20.9,,,,Austria_site6
12.01,0.75,11.08,1.4773333333333332,465.85,20.6,,,,Austria_site6
15.81,0.84,6.96,0.8285714285714285,656.96,19.6,,,,Austria_site6
19.61,1.01,8.97,0.8881188118811882,773.76,19.8,,,,Austria_site6
22.61,1.11,9.13,0.8225225225225227,903.83,19.4,,,,Austria_site6
4.85,0.49,8.8,1.7959183673469388,313.3,17.47744181,2.516129032258064,2.6666666666666665,,Austria_site3
4.85,0.49,8.8,1.7959183673469388,313.3,17.63631589,3.291371693914055,2.4444444444444446,,Austria_site3
4.8,0.48,8.8,1.8333333333333333,310.5,17.92478355,0.9020653468478183,,,Austria_site3
4.8,0.48,8.8,1.8333333333333333,310.5,17.8,,,,Austria_site3
4.85,0.49,8.8,1.7959183673469388,313.3,17.5,,,,Austria_site3
5.1,0.48,8.8,1.8333333333333333,321.5,17.337442279688698,2.500000000000002,2.3333333333333335,,Austria_site3
4.9,0.5,8.6,1.72,314.9,17.46721416,2.772870483614417,2.5555555555555554,,Austria_site3
5.1,0.48,8.8,1.8333333333333333,321.5,17.500039788642702,0.6631519084284256,,,Austria_site3
4.9,0.5,8.6,1.72,314.9,17.32,,,,Austria_site3
5.1,0.48,8.8,1.8333333333333333,321.5,17.4,,,,Austria_site3
4.55,0.48,7.5,1.5625,304.8,17.84994057,2.203389830508476,2.0588235294117645,,Austria_site5
4.55,0.48,7.5,1.5625,304.8,16.93006748,1.950510163,2.156862745098039,,Austria_site5
4.55,0.48,7.5,1.5625,304.8,16.9,,,,Austria_site5
4.65,0.49,7.7,1.5714285714285716,308.8,17.23744261,2.0766773162939307,1.9607843137254901,,Austria_site5
4.65,0.49,7.7,1.5714285714285716,308.8,17.11906353,1.7037352956035072,2.156862745098039,,Austria_site5
1.8,0.2890,19,6.574394464,37,10.37,,1.83,,Bergambacht (B06 51B)
1.86,0.2890,19,6.574394464,37,10.39,,,,Bergambacht (B06 51C)
2.71,0.2570,14,5.447470817,51,,,,,Bergambacht (B06 52B)
2.76,0.2570,14,5.447470817,51,,,,,Bergambacht (B06 52C)
1.35,0.2260,11,4.867256637,51,,,,,Bergambacht (B06 52D)
1.38,0.2760,15,5.434782609,67,,,,,Bergambacht (B06 53D)
7.1,0.3340,31,9.281437126,38,10.33,,,,Delft (503 21b)
6.35,0.3180,30,9.433962264,38,,,,,Delft (503 30d)
6.39,0.3400,19,5.588235294,22,10.84,,,,Delft (603 12b)
2.65,0.3350,25,7.462686567,26,,,3.06,,Delft (603 12c)
4.69,0.3580,29,8.100558659,29,10.27,,,,Delft (603 12d)
5.07,0.3890,30,7.712082262,39,10.77,,,,Delft (603 13b)
7.5,0.1610,13,8.074534161,,10.17,,,,DOV (B15d 31A)
7.75,0.1250,11,8.8,18,10.36,,,,DOV (B16d 23CB)
8.22,0.1220,10,8.196721311,21,10.36,,,,DOV (B16d 23CA)
3.07,0.0970,8,8.24742268,6,10.11,,,,DOV (B22d 111EC)
3.8,0.0910,6,6.593406593,17,10.05,,,,DOV (B22d-2 88EA)
6.45,0.1210,15,12.39669421,19,10.08,,,,DOV (B27d 121EA)
6.9,0.1120,12,10.71428571,14,10.09,,,,DOV (B28d 134EA)
7.55,0.1300,12,9.230769231,19,10.05,,,,DOV (B28d 135CA)
3.5,0.1110,6,5.405405405,14,10.07,,,,DOV (B3d 169A)
4.65,0.0850,5,5.882352941,23,10.26,,,,DOV (B4d 147DD)
4.93,0.1110,6,5.405405405,14,10.06,,,,DOV (B4d-2 157CA)
7.54,0.1130,7,6.194690265,,10.07,,,,DOV (B9d 177E)
7.75,0.1400,8,5.714285714,5,10.1,,,,DOV (B9d 179EA)
7.95,0.1780,18,10.11235955,13,10.22,,,,Full Scale Damwand Proef Eemdijk (B25 145)
8.26,0.1870,12,6.417112299,0,13.66,,3.97,,Full Scale Damwand Proef Eemdijk (B25 133)
14.3,0.2570,23,8.949416342,34,10.19,,,,Full Scale Damwand Proef Eemdijk (B27 75)
14.5,0.2570,23,8.949416342,34,10.12,,1,,Full Scale Damwand Proef Eemdijk (B27 76)
14.75,0.2190,8,3.652968037,5,12.98,,2.18,,Full Scale Damwand Proef Eemdijk (B27 64)
15.25,0.2190,8,3.652968037,5,13.16,,,18.5,Full Scale Damwand Proef Eemdijk (B27 65)
15.65,0.6190,62,10.01615509,-4,10.23,,2.02,,Full Scale Damwand Proef Eemdijk (B31 13)
15.84,0.6190,62,10.01615509,-4,10.26,,,,Full Scale Damwand Proef Eemdijk (B31 14)
15.85,0.5090,53,10.41257367,-1,10.37,,,,Full Scale Damwand Proef Eemdijk (B31 16)
8,0.5080,47,9.251968504,4,10.32,,,,Full Scale Damwand Proef Eemdijk (B31 21)
8.2,0.4090,23,5.623471883,-9,13,,,,Full Scale Damwand Proef Eemdijk (B31 6)
10.05,0.4090,23,5.623471883,-9,13.6,,,52.3,Full Scale Damwand Proef Eemdijk (B31 8)
4.57,0.4090,23,5.623471883,-9,13.02,,3.07,,Full Scale Damwand Proef Eemdijk (B31 7)
4.95,0.5760,40,6.944444444,-9,12.41,,,,Full Scale Damwand Proef Eemdijk (B31 11)
5.45,0.5760,40,6.944444444,-9,12.31,,2.37,,Full Scale Damwand Proef Eemdijk (B31 12)
5.65,0.1070,2,1.869158879,-4,12.99,,,6.4,Full Scale Damwand Proef Eemdijk (B33 252)
1.63,0.1070,2,1.869158879,-4,12.36,,,,Full Scale Damwand Proef Eemdijk (B33 253)
2.3,0.1880,13,6.914893617,43,11.29,,,,Kinderdijk (B-100 B-100_mo-08a)
6.7,1.2850,110,8.560311284,422,10.94,,1.78,,Koehool (70733_B3574 M015-a)
7.26,1.2850,110,8.560311284,422,10.94,,,,Koehool (70733_B3574 M015-a)
8.51,0.7410,61,8.232118758,242,10.66,,,,Koehool (70733_B3577 M015-a)
8.77,0.7410,61,8.232118758,242,10.66,,2.64,,Koehool (70733_B3577 M015-a)
3.3,0.5660,52,9.187279152,201,10.61,,2.21,,Koehool (70733_B3578 M014-a)
4.45,0.5660,52,9.187279152,201,10.61,,,,Koehool (70733_B3578 M014-a)
10.45,0.4850,15,3.092783505,27,11.56,,,,MMD Pieterman (B25-1+90Bi st2-2)
10.65,0.4440,31,6.981981982,79,10.26,,,,MMD Pieterman (B25-1+90Bi st4)
8.4,0.4740,31,6.540084388,87,10.55,,,,MMD Pieterman (B25-1+90Bi st5)
8.7,0.7840,69,8.801020408,157,10.34,,1,,MMD Pieterman (B25-1+90KR st6-1)
8.85,0.7950,75,9.433962264,174,10.41,,,,MMD Pieterman (B25-1+90KR st6-2)
2.1,0.7710,72,9.338521401,151,10.62,,,,MMD Pieterman (B25-1+90KR st7)
2.45,0.3250,26,8,36,10.3,,,,MMD Pieterman (B25-2+90Bi st3)
6.6,0.3260,27,8.282208589,39,10.37,,,,MMD Pieterman (B25-2+90Bi st4)
7.1,0.8560,43,5.023364486,113,10.48,,,,MMD Pieterman (B25-2+90KR st5-1)
7.05,0.8420,85,10.09501188,102,10.41,,,,MMD Pieterman (B25-2+90KR st5-3)
7.65,0.7660,69,9.007832898,56,10.41,,1,,MMD Pieterman (B25-2+90KR st6)
11.55,0.3410,28,8.211143695,49,10.3,,,,MMD Pieterman (B25-4+90Bi st3)
5.85,0.4900,47,9.591836735,120,10.34,,,,MMD Pieterman (B25-4+90Bi st4)
4,0.5480,48,8.759124088,136,10.41,,,,MMD Pieterman (B25-4+90Bi st5)
2.86,0.9840,85,8.638211382,1,10.44,,,,MMD Pieterman (B25-4+90KR st6-1)
2.91,0.9640,88,9.128630705,29,10.41,,1.08,,MMD Pieterman (B25-4+90KR st6-2)
3.96,0.9210,83,9.01194354,50,10.37,,,,MMD Pieterman (B25-4+90KR st6-3)
1.8,0.8960,81,9.040178571,85,10.48,,1.08,,MMD Pieterman (B25-4+90KR st7)
1.66,1.1750,95,8.085106383,97,10.85,,,,Streefkerk (B01A 20A)
0.9,1.1750,95,8.085106383,97,11.09,,1.25,,Streefkerk (B01A 20B)
1.34,1.4850,108,7.272727273,92,11.36,,1.23,,Streefkerk (B01A 89D)
2.65,1.3440,69,5.133928571,123,11.35,,,,Streefkerk (B01A 21A)
7.5,1.5970,100,6.261740764,117,11.22,,,,Streefkerk (B01A 21C)
9.2,1.8140,110,6.063947078,133,11.4,,,,Streefkerk (B01A 90A)
4.84,1.8140,110,6.063947078,133,11.9,,1.09,,Streefkerk (B01A 21D)
8.4,0.6870,31,4.512372635,208,,,,,Streefkerk (B03 69B)
11.1,0.6870,31,4.512372635,208,10.62,,1.3,,Streefkerk (B03 69C)
1.1,0.8000,32,4,225,,,,,Streefkerk (B03 71B)
1.3,0.5620,32,5.693950178,74,,,,,Streefkerk (B05 98B)
4.9,0.6480,40,6.172839506,75,,,,,Streefkerk (B05 98C)
5.1,0.5440,33,6.066176471,75,10.48,,1.84,,Streefkerk (B05 99A)
8.1,0.5440,33,6.066176471,75,,,,,Streefkerk (B05 99B)
11,0.1070,2,1.869158879,-1,12.53,,,,Full Scale Damwand Proef Eemdijk (B33 254)
1.6,0.2210,11,4.977375566,1,13.83,,,,Full Scale Damwand Proef Eemdijk (B35 232)
4.35,0.3770,18,4.774535809,15,11.59,,,38,Delft (603 12a)
4.55,0.2690,13,4.832713755,128,11.97,,,,Kinderdijk (B-100 B-100_mo-14)
4.6,0.2490,5,2.008032129,98,,,,,Bergambacht (B06 55B)
1.7,0.3140,7,2.229299363,147,12.4,,,46,Bergambacht (B07 42E)
1.9,0.3270,8,2.44648318,161,12.04,,1.1,66,Bergambacht (B07 43A)
2.3,0.2070,5,2.415458937,67,12.85,,,,Delft (503 22a)
4.8,0.3160,10,3.164556962,77,12.08,,,27,Delft (603 14b)
7.1,0.0880,3,3.409090909,34,12.09,,,,DOV (B21d 78BA)
5.45,0.0810,2,2.469135802,42,12.88,,,,DOV (B21d 78DA)
5.33,0.1100,4,3.636363636,49,12.41,,,,DOV (B4d 147DA)
1.64,0.2030,12,5.911330049,1,13.87,,,7.6,Full Scale Damwand Proef Eemdijk (B35 233)
1.7,0.2030,12,5.911330049,1,12.09,,,,Full Scale Damwand Proef Eemdijk (B35 234)
1.89,0.1470,16,10.88435374,32,10.13,,,,Full Scale Damwand Proef Eemdijk (B36 278)
10.7,0.1730,12,6.936416185,13,13.69,,,,Full Scale Damwand Proef Eemdijk (B36 272)
11.27,0.2420,15,6.198347107,14,14.35,,,,Full Scale Damwand Proef Eemdijk (B36 270)
11.38,0.2380,25,10.50420168,17,10.23,,,,Full Scale Damwand Proef Eemdijk (B37 104)
12.17,0.2380,25,10.50420168,17,10.23,,2.07,,Full Scale Damwand Proef Eemdijk (B37 105)
12.28,0.2050,12,5.853658537,1,12.71,,3.2,,Full Scale Damwand Proef Eemdijk (B37 97)
4.51,0.2940,24,8.163265306,-1,10.26,,1.66,,Full Scale Damwand Proef Eemdijk (B38 157)
4.61,0.2940,24,8.163265306,-1,10.22,,,,Full Scale Damwand Proef Eemdijk (B38 158)
6.1,0.2480,11,4.435483871,-3,13.2,,,12.5,Full Scale Damwand Proef Eemdijk (B38 152)
6.21,0.2030,10,4.926108374,-3,13.07,,,,Full Scale Damwand Proef Eemdijk (B38 153)
3.45,0.3300,12,3.636363636,-4,15.25,,,16.4,Full Scale Damwand Proef Eemdijk (B38 151)
3.55,0.4010,35,8.728179551,-1,10.23,,,,Full Scale Damwand Proef Eemdijk (B39 32)
5.11,0.2020,12,5.940594059,-4,13.05,,2.75,,Full Scale Damwand Proef Eemdijk (B39 26)
5.22,0.3650,20,5.479452055,152,12.31,,,14.24,Kinderdijk (B-100 B-100_mo-21)
5.54,0.3100,6,1.935483871,180,13.64,,,,MMD Katwoude (B10 Ps8-2_A)
5.65,0.3880,1,0.257731959,226,13.93,,,,MMD Katwoude (B3 Ps6-1_A)
7.45,0.3880,1,0.257731959,226,13.54,,,,MMD Katwoude (B3 Ps6-2_A)
2.35,0.3920,2,0.510204082,232,13.83,,,,MMD Katwoude (B3 Ps6-1)
2.45,0.3920,2,0.510204082,232,13.83,,,,MMD Katwoude (B3 Ps6-3_A)
8,0.3830,1,0.261096606,234,13.54,,,,MMD Katwoude (B3 Ps6-2)
8.05,0.3850,1,0.25974026,234,13.83,,,,MMD Katwoude (B3 Ps6-3)
8.09,0.5080,1,0.196850394,317,13.93,,,,MMD Katwoude (B3 Ps10-4_A)
8.11,0.5480,1,0.182481752,342,13.44,,,,MMD Katwoude (B3 Ps10-3)
8.25,0.5500,2,0.363636364,351,13.83,,,,MMD Katwoude (B3 Ps10-4)
8.45,0.3520,12,3.409090909,100,13.17,,,,MMD Katwoude (B4 Ps9-1)
8.65,0.3900,6,1.538461538,166,13.54,,,,MMD Katwoude (B4 Ps9-3)
8.75,0.4100,7,1.707317073,178,13.44,,,,MMD Katwoude (B4 Ps9-4)
11,0.4630,12,2.591792657,27,13.74,,,,MMD Pieterman (B25-1+90Bi st1)
11.2,0.5680,22,3.873239437,25,13.99,,,,MMD Pieterman (B25-1+90Bi st2-1)
11.45,0.7080,36,5.084745763,76,12.51,,1.04,,MMD Pieterman (B25-1+90KR st5-1)
11.65,0.8790,84,9.556313993,93,12.64,,,,MMD Pieterman (B25-1+90KR st5-2)
11.85,0.8660,38,4.387990762,64,12.85,,,,MMD Pieterman (B25-4+90KR st5)
6.14,0.4240,8,1.886792453,143,,,,,Streefkerk (B05 101C)
6.2,0.5540,15,2.707581227,218,,,,,Streefkerk (B05 105B)
10.05,0.2810,2,0.711743772,149,13.68,,,,Delft (503 33c)
10.25,0.3740,14,3.743315508,97,13.1,,,,Delft (703 40a)
8.55,0.5920,52,8.783783784,15,10.37,,,,Full Scale Damwand Proef Eemdijk (B40 52)
13.15,0.5920,52,8.783783784,15,10.37,,2.15,,Full Scale Damwand Proef Eemdijk (B40 53)
13.4,0.4090,37,9.046454768,41,10.31,,,,Full Scale Damwand Proef Eemdijk (B40 56)
13.65,0.3220,18,5.590062112,-8,13.1,,,,Full Scale Damwand Proef Eemdijk (B40 49)
13.85,0.3220,18,5.590062112,-8,16.15,,2.23,,Full Scale Damwand Proef Eemdijk (B40 48)
5.45,0.1590,6,3.773584906,-6,12.89,,,,Full Scale Damwand Proef Eemdijk (B41 194)
8.57,0.2150,13,6.046511628,-12,12.51,,,,Full Scale Damwand Proef Eemdijk (B41 196)
8.7,0.1990,21,10.55276382,35,10.21,,,,Full Scale Damwand Proef Eemdijk (B42 221)
5.7,0.2510,8,3.187250996,119,13,,,9.97,Kinderdijk (B-100 B-100_mo-16)
6.15,0.2130,5,2.34741784,156,13.59,,,8.92,Kinderdijk (B-100 B-100_mo-19a)
3.2,0.3570,15,4.201680672,143,13.62,,1.79,96.85,Koehool (70733_B3578 M010-a)
8.1,0.2740,2,0.729927007,120,14.72,,,60,Bergambacht (B06 56C)
6.58,0.4400,4,0.909090909,143,14.81,,,72,Bergambacht (B06 59B)
6.78,0.5150,19,3.689320388,4,14.8,,,,Bergambacht (B07 35A)
16.83,0.5150,19,3.689320388,4,14.26,,,,Bergambacht (B07 35B)
16.85,0.2720,11,4.044117647,52,14,,1.74,40,Bergambacht (B07 39B)
7.35,0.2720,11,4.044117647,52,,,,,Bergambacht (B07 39C)
10.2,0.2760,6,2.173913043,136,,,,,Bergambacht (B07 42C)
10.6,0.3470,5,1.44092219,156,15.34,,,35,Bergambacht (B07 45A)
4.4,0.3470,5,1.44092219,156,,,,,Bergambacht (B07 45B)
4.55,0.2910,8,2.749140893,9,15.6,,7.54,,Delft (503 29b)
5.05,0.2520,5,1.984126984,28,14.7,,4.73,,Delft (503 20d)
6.95,0.2000,2,1,90,15.06,,,14,Delft (503 23a)
11.35,0.1970,2,1.015228426,97,14.8,,,,Delft (503 23b)
10.3,0.1970,2,1.015228426,97,16.9,,1.77,,Delft (503 32b)
8.51,0.2050,2,0.975609756,93,15.5,,,28,Delft (503 32c)
8.62,0.2440,1,0.409836066,124,15.5,,1,,Delft (503 33a)
13.32,0.2560,1,0.390625,129,14.29,,,,Delft (503 33b)
13.43,0.3120,7,2.243589744,73,15.13,,,28,Delft (703 46b)
2.7,0.2740,5,1.824817518,73,15.02,,4.31,,Delft (703 46c)
7.15,0.2890,3,1.038062284,81,14.77,,,33,Delft (703 38b)
7.95,0.2770,3,1.083032491,125,15.58,,1.83,,Delft (703 49c)
8.15,0.3740,3,0.802139037,190,,,,,Delft (703 42d)
9.2,0.4470,5,1.118568233,199,,,,,Delft (703 43a)
2.6,0.1550,5,3.225806452,67,15.16,,,,DOV (B27d 126BA)
11.5,0.1570,4,2.547770701,56,14.67,,,,DOV (B9d 181CA)
4,0.1010,3,2.97029703,14,12.7,,,,Full Scale Damwand Proef Eemdijk (B42 214)
4.65,0.1010,3,2.97029703,14,12.95,,,5.5,Full Scale Damwand Proef Eemdijk (B42 215)
13.6,0.0890,3,3.370786517,21,12.75,,,,Full Scale Damwand Proef Eemdijk (B42 216)
9.2,0.2720,7,2.573529412,186,14.47,,,8.6,Kinderdijk (B-100 B-100_mo-22a)
11.08,0.7530,14,1.859229748,392,15.46,,,,Koehool (70733_B3574 M011-a)
11.19,0.7530,14,1.859229748,392,15.46,,,49.46,Koehool (70733_B3574 M011-a)
9.35,0.7610,17,2.23390276,389,14.96,,,49.63,Koehool (70733_B3574 M013-a)
9.45,0.7610,17,2.23390276,389,14.96,,,,Koehool (70733_B3574 M013-a)
16.88,0.4810,7,1.455301455,231,15.74,,,110.58,Koehool (70733_B3577 M009-a)
16.99,0.4810,7,1.455301455,231,15.74,,2.42,28.04,Koehool (70733_B3577 M009-a)
11.09,0.4960,7,1.411290323,264,14.73,,,103.17,Koehool (70733_B3577 M013-a)
11.19,0.4960,7,1.411290323,264,14.73,,1.43,25.07,Koehool (70733_B3577 M013-a)
,,,,,,,,,
,,,,,,,,,
,,,,,,,,,
,,,,,,,,,
,,,,,,,,,
,,,,,,,,,
,,,,,,,,,
,,,,,,,,,
,,,,,,,,,
,,,,,,,,,
,,,,,,,,,
,,,,,,,,,
,,,,,,,,,
,,,,,,,,,
,,,,,,,,,
,,,,,,,,,
,,,,,,,,,
,,,,,,,,,
,,,,,,,,,
,,,,,,,,,
,,,,,,,,,
,,,,,,,,,
,,,,,,,,,
,,,,,,,,,
,,,,,,,,,
,,,,,,,,,
,,,,,,,,,
,,,,,,,,,
,,,,,,,,,
,,,,,,,,,
,,,,,,,,,
,,,,,,,,,
,,,,,,,,,
,,,,,,,,,
,,,,,,,,,
,,,,,,,,,
,,,,,,,,,
,,,,,,,,,
,,,,,,,,,
,,,,,,,,,
,,,,,,,,,
,,,,,,,,,
,,,,,,,,,
,,,,,,,,,
,,,,,,,,,
,,,,,,,,,
,,,,,,,,,
,,,,,,,,,
,,,,,,,,,
,,,,,,,,,
,,,,,,,,,
,,,,,,,,,
,,,,,,,,,
,,,,,,,,,
,,,,,,,,,
,,,,,,,,,
,,,,,,,,,
,,,,,,,,,
,,,,,,,,,
,,,,,,,,,
,,,,,,,,,
,,,,,,,,,
,,,,,,,,,
,,,,,,,,,
,,,,,,,,,
,,,,,,,,,
,,,,,,,,,
,,,,,,,,,
,,,,,,,,,
,,,,,,,,,
,,,,,,,,,
,,,,,,,,,
,,,,,,,,,
,,,,,,,,,
,,,,,,,,,
,,,,,,,,,
,,,,,,,,,
,,,,,,,,,
,,,,,,,,,
,,,,,,,,,
,,,,,,,,,
,,,,,,,,,
,,,,,,,,,
,,,,,,,,,
,,,,,,,,,
,,,,,,,,,
,,,,,,,,,
,,,,,,,,,
,,,,,,,,,
,,,,,,,,,
,,,,,,,,,
,,,,,,,,,
,,,,,,,,,
,,,,,,,,,
,,,,,,,,,
,,,,,,,,,
,,,,,,,,,
,,,,,,,,,
,,,,,,,,,
,,,,,,,,,
,,,,,,,,,
,,,,,,,,,
,,,,,,,,,
,,,,,,,,,
,,,,,,,,,
,,,,,,,,,
,,,,,,,,,
,,,,,,,,,
,,,,,,,,,
,,,,,,,,,
,,,,,,,,,
,,,,,,,,,
,,,,,,,,,
,,,,,,,,,
,,,,,,,,,
,,,,,,,,,
,,,,,,,,,
,,,,,,,,,
,,,,,,,,,
,,,,,,,,,
,,,,,,,,,
,,,,,,,,,
,,,,,,,,,
,,,,,,,,,
,,,,,,,,,
,,,,,,,,,
,,,,,,,,,
,,,,,,,,,
,,,,,,,,,
,,,,,,,,,
,,,,,,,,,
,,,,,,,,,
,,,,,,,,,
,,,,,,,,,
,,,,,,,,,
,,,,,,,,,
,,,,,,,,,
,,,,,,,,,
,,,,,,,,,
,,,,,,,,,
,,,,,,,,,
,,,,,,,,,
,,,,,,,,,
,,,,,,,,,
,,,,,,,,,
,,,,,,,,,
,,,,,,,,,
,,,,,,,,,
,,,,,,,,,
,,,,,,,,,
,,,,,,,,,
,,,,,,,,,
,,,,,,,,,
,,,,,,,,,
,,,,,,,,,
,,,,,,,,,
,,,,,,,,,
,,,,,,,,,
,,,,,,,,,
,,,,,,,,,
,,,,,,,,,
,,,,,,,,,
,,,,,,,,,
,,,,,,,,,
,,,,,,,,,
,,,,,,,,,
,,,,,,,,,
,,,,,,,,,
,,,,,,,,,
,,,,,,,,,
,,,,,,,,,
,,,,,,,,,
,,,,,,,,,
,,,,,,,,,
,,,,,,,,,
,,,,,,,,,
,,,,,,,,,
,,,,,,,,,
,,,,,,,,,
,,,,,,,,,
,,,,,,,,,
,,,,,,,,,
,,,,,,,,,
,,,,,,,,,
,,,,,,,,,
,,,,,,,,,
,,,,,,,,,
,,,,,,,,,
,,,,,,,,,
,,,,,,,,,
,,,,,,,,,
,,,,,,,,,
,,,,,,,,,
,,,,,,,,,
,,,,,,,,,
,,,,,,,,,
,,,,,,,,,
,,,,,,,,,
,,,,,,,,,
,,,,,,,,,
,,,,,,,,,
,,,,,,,,,
,,,,,,,,,
,,,,,,,,,
,,,,,,,,,
,,,,,,,,,
,,,,,,,,,
,,,,,,,,,
,,,,,,,,,
,,,,,,,,,
,,,,,,,,,
,,,,,,,,,
,,,,,,,,,
,,,,,,,,,
,,,,,,,,,
,,,,,,,,,
,,,,,,,,,
