sampling_name (-),sampling_depth (m),cptu_depth (m),cptu_corr_depth (m),cptu_qc (MPa),cptu_fs (kPa),cptu_u2 (kPa),cptu_Rf (%),cptu_SBT,sampling_unitweight (kN/m3)
Project_Norway_N11036,4.43,4.430000000000001,4.430000000000001,0.5377500000000001,5.383333333333333,352.90000000000003,0.91827,3.8333333333333335,19.75
Project_Norway_N11036,7.5,7.5,7.5,0.5155800000000001,2.2600000000000002,424.9,0.390734,1.0,19.7
Project_Norway_N11036,10.37,10.37,10.37,0.6114666666666666,4.633333333333333,521.2333333333332,0.6746283333333333,4.0,19.33
Project_Norway_N11036,13.53,13.53,13.53,0.786,7.366666666666667,556.1833333333333,0.852065,4.0,19.61
Project_Norway_N11036,16.56,16.560000000000002,16.560000000000002,0.85322,7.24,634.52,0.764968,4.0,19.46
Project_Norway_N11036,19.5,19.5,19.5,0.8301000000000001,11.0,896.8399999999999,1.140678,4.0,19.91
Project_Norway_N11036,4.33,4.33,4.33,0.5775166666666666,5.333333333333333,365.75,0.8437966666666666,4.0,19.2
Project_Norway_N11036,7.4,7.4,7.4,0.49528,2.38,409.93999999999994,0.42757200000000006,1.0,19.2
Project_Norway_N11036,10.47,10.469999999999999,10.469999999999999,0.6648,3.7333333333333343,530.1666666666666,0.49757333333333337,3.5,19.1
Project_Norway_N11036,13.42,13.419999999999998,13.419999999999998,0.7619399999999998,6.08,551.7,0.723834,4.0,19.7
Project_Norway_N11036,16.46,16.46,16.46,0.81824,5.68,636.74,0.621452,4.0,19.5
Project_Norway_N11036,19.47,19.47,19.47,0.9115833333333333,10.083333333333334,915.4666666666667,0.9837300000000001,4.0,19.5
Project_Norway_N11045,6.31,6.31,6.31,0.44060000000000005,14.583333333333334,385.79999999999995,2.925906666666666,3.0,18.34
Project_Norway_N11045,9.52,9.52,9.52,0.5525599999999999,14.080000000000002,410.6,2.292724,3.0,18.93
Project_Norway_N11045,12.5,12.499999999999998,12.499999999999998,0.63472,16.4,569.78,2.277766,3.0,19.54
Project_Norway_N11045,15.3,15.3,15.3,0.66968,13.0,639.74,1.698358,3.0,19.63
Project_Norway_N11045,18.33,18.33,18.33,0.8054166666666668,12.083333333333334,759.9833333333335,1.3085966666666666,4.0,19.67
Project_Norway_N11045,21.5,21.5,21.5,0.9502600000000001,20.119999999999997,895.0200000000001,1.854282,4.0,20.13
Project_Norway_N11045,24.33,24.330000000000002,24.330000000000002,1.04385,15.216666666666667,1015.5500000000001,1.2732750000000002,4.0,19.19
Project_Norway_N11045,9.43,9.43,9.43,0.5560499999999999,16.45,408.0,2.663495,3.0,18.8
Project_Norway_N11045,12.43,12.43,12.43,0.6388666666666666,17.0,574.3833333333333,2.3456249999999996,3.0,19.3
Project_Norway_N11045,15.42,15.419999999999998,15.419999999999998,0.6778,12.4,642.04,1.602028,3.0,19.2
Project_Norway_N11045,18.58,18.580000000000002,18.580000000000002,0.87256,15.3,812.9599999999999,1.539642,4.0,19.4
Project_Norway_N11045,21.43,21.429999999999996,21.429999999999996,0.9790833333333334,23.266666666666666,899.3833333333333,2.087153333333333,3.8333333333333335,20.5
Project_Norway_N11045,24.43,24.429999999999996,24.429999999999996,1.0502666666666665,18.916666666666668,1026.8166666666666,1.5706316666666666,4.0,19.4
Project_Norway_N11045,6.4,6.4,6.4,0.44308000000000003,14.459999999999999,387.4,2.885896,3.0,18.9
Project_Norway_N14022,6.07,6.069999999999999,6.069999999999999,0.43295,12.966666666666667,388.36666666666673,2.640785,3.0,19.4
Project_Norway_N14022,6.07,6.069999999999999,6.069999999999999,0.43295,12.966666666666667,388.36666666666673,2.640785,3.0,19.2
Project_Norway_N14022,6.45,6.45,6.45,0.4603,14.066666666666665,381.11666666666673,2.713135,3.0,18.9
Project_Norway_N14022,9.85,9.85,9.85,0.5533666666666667,12.566666666666668,419.51666666666665,2.040036666666667,3.0,19.3
Project_Norway_N14022,10.36,10.36,10.36,0.5886199999999999,13.039999999999997,454.5,1.985632,3.0,18.8
Project_Norway_N14022,14.73,14.730000000000002,14.730000000000002,0.6957666666666666,12.916666666666666,648.7500000000001,1.6289916666666666,3.3333333333333335,19.2
Project_Norway_N14022,15.54,15.540000000000001,15.540000000000001,0.67564,12.66,645.72,1.6387880000000004,3.0,19.8
Project_Norway_N14022,19.6,19.6,19.6,0.88484,15.0,826.2199999999999,1.4869379999999999,4.0,19.1
Project_Norway_N14022,20.03,20.029999999999998,20.029999999999998,0.9160333333333334,17.683333333333334,845.9333333333333,1.695335,4.0,19.5
Project_Norway_N14022,6.18,6.18,6.18,0.44986,13.34,387.42,2.625966,3.0,19.5
Project_Norway_N14022,6.18,6.18,6.18,0.44986,13.34,387.42,2.625966,3.0,19.5
Project_Norway_N14022,10.5,10.5,10.5,0.5637800000000001,13.280000000000001,465.76000000000005,2.0957679999999996,3.0,18.8
Project_Norway_N14022,10.45,10.450000000000001,10.450000000000001,0.5722833333333333,13.533333333333333,460.7333333333333,2.1101033333333334,3.0,18.8
Project_Norway_N14022,14.87,14.87,14.87,0.72735,13.783333333333333,661.7166666666666,1.6673983333333335,3.3333333333333335,19.3
Project_Norway_N14022,14.87,14.87,14.87,0.72735,13.783333333333333,661.7166666666666,1.6673983333333335,3.3333333333333335,19.4
Project_Norway_N14022,20.13,20.13,20.13,0.9101666666666667,15.9,845.1,1.5334216666666667,4.0,19.2
Project_Norway_N14022,20.13,20.13,20.13,0.9101666666666667,15.9,845.1,1.5334216666666667,4.0,19.4
Project_Norway_N14022,6.5,6.5,6.5,0.49768,15.039999999999997,375.86,2.6988440000000002,3.0,18.96
Project_Norway_N14022,9.97,9.969999999999999,9.969999999999999,0.5583333333333332,12.516666666666667,427.51666666666665,2.010898333333333,3.0,19.24
Project_Norway_N14022,14.78,14.780000000000001,14.780000000000001,0.7103400000000001,13.040000000000001,652.9,1.613324,3.6,19.18
Project_Norway_N14022,19.52,19.52,19.52,0.87992,14.940000000000001,827.9599999999998,1.4878820000000001,4.0,19.64
Project_Salzburg_KB02,9.7,9.7,9.7,8.89,92.63,-32.89,1.04,6.0,20.341943595620098
Project_Salzburg_KB02,15.5,15.52,15.52,0.98,12.89,643.13,1.2,4.0,20.4115737203973
Project_Salzburg_KB02,24.5,24.5,24.5,1.25,9.47,1079.5,0.67,5.0,19.5499349137946
Project_Salzburg_KB02,9.7,9.7,9.7,8.89,92.63,-32.89,1.04,6.0,20.5707282913165
Project_Salzburg_KB02,15.5,15.5,15.5,0.88,12.73,629.56,1.3,4.0,20.341943595620098
Project_Salzburg_KB02,21.5,21.5,21.5,1.33,10.38,840.26,0.71,5.0,20.3518907563025
Project_Salzburg_KB02,24.5,24.5,24.5,1.25,9.47,1079.5,0.67,5.0,18.9990769034887
Project_Salzburg_KB02,9.7,9.7,9.7,8.89,92.63,-32.89,1.04,6.0,20.6
Project_Salzburg_KB02,15.5,15.52,15.52,0.98,12.89,643.13,1.2,4.0,20.4
Project_Salzburg_KB02,24.5,24.5,24.5,1.25,9.47,1079.5,0.67,5.0,19.5
Project_Salzburg_KB02,5.2,5.194999999999999,5.194999999999999,6.118,99.01299999999999,-62.415,1.625,5.0,20.5
Project_Salzburg_KB02,12.2,12.194999999999999,12.194999999999999,12.183,115.76300000000002,-38.471,0.951,6.0,20.5
Project_Salzburg_KB02,20.2,20.195,20.195,1.442,42.321,732.7109999999999,2.7140000000000004,3.6,20.2
Project_Salzburg_KB02,26.2,26.195,26.195,1.3459999999999996,14.652999999999999,1109.58,0.968,4.4,19.5
Project_Salzburg_KB02,13.05,13.044999999999998,13.044999999999998,3.249,41.025000000000006,237.57100000000003,1.2469999999999999,5.0,19.94
Project_Salzburg_KB02,24.25,24.244999999999997,24.244999999999997,1.2200000000000002,9.350999999999999,1061.73,0.6799999999999999,3.8,20.25
Ballina_Inclo 2,0.79,0.7900000000000001,0.7900000000000001,0.153,5.333333333333333,14.88888888888889,3.3762644444444443,2.2222222222222223,16.41
Ballina_Inclo 2,1.76,1.76,1.76,0.15800000000000003,8.11111111111111,45.77777777777778,4.86912111111111,2.0,16.240000000000002
Ballina_Inclo 2,1.86,1.8599999999999999,1.8599999999999999,0.15922222222222224,7.444444444444445,56.44444444444444,4.385817777777778,2.111111111111111,16.419999999999998
Ballina_Inclo 2,1.96,1.96,1.96,0.14933333333333335,7.111111111111111,82.22222222222223,4.343622222222222,2.0,16.15
Ballina_Inclo 2,2.27,2.27,2.27,0.176,7.0,101.44444444444444,3.586332222222222,3.0,15.8
Ballina_Inclo 2,2.37,2.3699999999999997,2.3699999999999997,0.17022222222222222,7.0,104.33333333333333,3.6867799999999997,2.6666666666666665,15.4
Ballina_Inclo 2,2.47,2.4700000000000006,2.4700000000000006,0.15433333333333335,10.777777777777779,96.55555555555556,6.4955944444444444,2.2222222222222223,15.4
Ballina_Inclo 2,2.57,2.5700000000000003,2.5700000000000003,0.1981111111111111,9.88888888888889,62.44444444444444,4.707915555555555,2.0,15.4
Ballina_Inclo 2,2.91,2.91,2.91,0.15844444444444447,7.555555555555555,102.44444444444444,4.28804,2.0,15.049999999999999
Ballina_Inclo 2,3.05,3.05,3.05,0.17255555555555555,7.444444444444445,117.88888888888889,3.8223266666666667,2.5555555555555554,14.81
Ballina_Inclo 2,3.14,3.1399999999999997,3.1399999999999997,0.18655555555555556,7.111111111111111,126.0,3.394105555555555,2.888888888888889,14.830000000000002
Ballina_Inclo 2,3.47,3.4699999999999998,3.4699999999999998,0.19544444444444445,12.666666666666666,112.66666666666667,6.01091888888889,2.2222222222222223,14.43
Ballina_Inclo 2,3.65,3.6499999999999995,3.6499999999999995,0.22344444444444445,9.222222222222221,92.88888888888889,3.824428888888889,3.0,
Ballina_Inclo 2,4.76,4.759999999999999,4.759999999999999,0.22355555555555556,7.0,140.66666666666666,2.7975533333333336,3.0,14.559999999999999
Ballina_Inclo 2,4.89,4.89,4.89,0.2197777777777778,7.555555555555555,150.0,3.0613577777777774,3.0,14.11
Ballina_Inclo 2,4.93,4.93,4.93,0.22711111111111115,7.555555555555555,156.11111111111111,2.9771444444444444,3.0,
Ballina_Inclo 2,4.96,4.96,4.96,0.22866666666666666,7.222222222222222,154.88888888888889,2.83368,3.0,14.0
Ballina_Inclo 2,5.4,5.4,5.4,0.22644444444444448,8.0,175.11111111111111,3.0806955555555553,3.0,14.48
Ballina_Inclo 2,5.49,5.489999999999999,5.489999999999999,0.23144444444444445,12.777777777777779,160.33333333333334,4.893794444444445,2.7777777777777777,14.48
Ballina_Inclo 2,5.58,5.58,5.58,0.24788888888888888,9.333333333333334,121.11111111111111,3.444606666666667,3.0,14.59
Ballina_Inclo 2,6.53,6.529999999999999,6.529999999999999,0.24911111111111112,11.555555555555555,167.77777777777777,4.210191111111111,2.888888888888889,14.01
Ballina_Inclo 2,6.63,6.63,6.63,0.25899999999999995,8.88888888888889,181.0,3.029943333333333,3.0,13.979999999999999
Ballina_Inclo 2,6.73,6.7299999999999995,6.7299999999999995,0.25655555555555554,8.0,189.88888888888889,2.734205555555556,3.0,14.01
Ballina_Inclo 2,6.83,6.83,6.83,0.25855555555555554,8.0,201.33333333333334,2.696208888888889,3.0,14.059999999999999
Ballina_Inclo 2,7.22,7.220000000000001,7.220000000000001,0.26611111111111113,8.0,223.0,2.5934577777777776,3.0,14.05
Ballina_Inclo 2,7.27,7.27,7.27,0.26655555555555555,8.0,221.55555555555554,2.5921077777777777,3.0,13.95
Ballina_Inclo 2,7.32,7.320000000000001,7.320000000000001,0.2688888888888889,8.0,221.33333333333334,2.5730066666666667,3.0,14.02
Ballina_Inclo 2,7.38,7.38,7.38,0.27322222222222226,8.0,221.66666666666666,2.5374199999999996,3.0,14.030000000000001
Ballina_Inclo 2,7.7,7.699999999999999,7.699999999999999,0.2792222222222222,8.88888888888889,197.88888888888889,2.805054444444444,3.0,14.299999999999999
Ballina_Inclo 2,7.75,7.75,7.75,0.27744444444444444,8.666666666666666,203.22222222222223,2.7418500000000003,3.0,14.299999999999999
Ballina_Inclo 2,7.88,7.88,7.88,0.2774444444444445,9.0,217.55555555555554,2.832354444444445,3.0,14.299999999999999
Ballina_Inclo 2,9.09,9.089999999999998,9.089999999999998,0.3428888888888889,10.0,266.8888888888889,2.54079,3.0,13.968
Ballina_Inclo 2,9.14,9.139999999999999,9.139999999999999,0.3430000000000001,10.0,266.22222222222223,2.541006666666666,3.0,14.048
Ballina_Inclo 2,9.49,9.49,9.49,0.31577777777777777,15.777777777777779,229.66666666666666,4.519807777777778,2.888888888888889,14.692
Ballina_Inclo 2,9.65,9.649999999999999,9.649999999999999,0.34444444444444444,11.555555555555555,238.66666666666666,2.96853,3.0,14.504
Ballina_Inclo 2,9.73,9.729999999999999,9.729999999999999,0.3312222222222222,10.222222222222221,249.66666666666666,2.6994055555555554,3.0,14.498
Ballina_Inclo 2,9.76,9.759999999999998,9.759999999999998,0.32877777777777784,10.0,253.22222222222223,2.653448888888889,3.0,14.534
Ballina_Inclo 2,10.25,10.25,10.25,0.337,10.88888888888889,280.77777777777777,2.7894899999999994,3.0,14.534
Ballina_Inclo 2,10.34,10.34,10.34,0.33433333333333337,11.0,282.44444444444446,2.8350988888888886,3.0,
Ballina_Inclo 2,12.05,12.05,12.05,0.4842222222222223,4.777777777777778,211.88888888888889,0.9151911111111111,3.2222222222222223,20.06
Ballina_Mex 9 ,1.72,1.72,1.72,0.15722222222222224,8.666666666666666,41.666666666666664,5.245363333333334,2.0,
Ballina_Mex 9 ,2.07,2.07,2.07,0.15433333333333332,6.333333333333333,89.88888888888889,3.6958044444444442,2.2222222222222223,17.78
Ballina_Mex 9,3.05,3.05,3.05,0.17255555555555555,7.444444444444445,117.88888888888889,3.8223266666666667,2.5555555555555554,15.309999999999999
Ballina_Mex 9,3.14,3.1399999999999997,3.1399999999999997,0.18655555555555556,7.111111111111111,126.0,3.394105555555555,2.888888888888889,15.18
Ballina_Mex 9,3.55,3.55,3.55,0.2172222222222222,11.777777777777779,72.88888888888889,5.33991,2.6666666666666665,15.149999999999999
Ballina_Mex 9,5.44,5.440000000000001,5.440000000000001,0.22544444444444448,11.222222222222221,175.88888888888889,4.335146666666667,2.7777777777777777,
Ballina_Mex 9,5.53,5.53,5.53,0.24755555555555558,10.333333333333334,132.44444444444446,3.80559,3.0,14.73
Ballina_Mex 9,5.67,5.67,5.67,0.24666666666666665,9.0,146.55555555555554,3.2818200000000006,3.0,14.43
Ballina_Mex 9,6.51,6.51,6.51,0.24444444444444446,12.444444444444445,172.22222222222223,4.574624444444444,2.888888888888889,
Ballina_Mex 9,6.73,6.7299999999999995,6.7299999999999995,0.25655555555555554,8.0,189.88888888888889,2.734205555555556,3.0,14.57
Ballina_Mex 9,6.87,6.87,6.87,0.2552222222222222,8.444444444444445,203.0,2.8865344444444445,3.0,14.21
Ballina_Mex 9,7.75,7.75,7.75,0.27744444444444444,8.666666666666666,203.22222222222223,2.7418500000000003,3.0,14.1
Ballina_Mex 9,7.93,7.930000000000001,7.930000000000001,0.2806666666666666,8.666666666666666,223.77777777777777,2.69583,3.0,14.31
Ballina_Mex 9,8.02,8.020000000000001,8.020000000000001,0.28833333333333333,8.0,236.44444444444446,2.4008000000000003,3.0,14.139999999999999
Ballina_Mex 9,9.64,9.639999999999999,9.639999999999999,0.34555555555555556,11.777777777777779,237.33333333333334,3.01908,3.0,
Ballina_Mex 9,9.73,9.729999999999999,9.729999999999999,0.3312222222222222,10.222222222222221,249.66666666666666,2.6994055555555554,3.0,14.96
Ballina_Mex 9,9.87,9.870000000000001,9.870000000000001,0.3098888888888889,10.11111111111111,259.3333333333333,2.8234077777777777,3.0,14.05
NGTS_Clay_ONSB01,6.87,6.87,6.87,0.3179,6.16,225.33999999999997,1.6972450000000001,3.0,16.46
NGTS_Clay_ONSB01,6.87,6.87,6.87,0.3179,6.16,225.33999999999997,1.6972450000000001,3.0,15.92
NGTS_Clay_ONSB01,6.96,6.959999999999999,6.959999999999999,0.31633333333333336,6.633333333333334,232.6666666666667,1.8282211111111113,3.0,16.11
NGTS_Clay_ONSB01,6.96,6.959999999999999,6.959999999999999,0.31633333333333336,6.633333333333334,232.6666666666667,1.8282211111111113,3.0,16.04
NGTS_Clay_ONSB01,10.22,10.22,10.22,0.422,6.788888888888889,322.4777777777778,1.3962233333333334,3.0,17.95
NGTS_Clay_ONSB01,10.24,10.24,10.24,0.4267777777777778,6.833333333333333,321.9555555555556,1.3907088888888888,3.0,17.58
NGTS_Clay_ONSB01,10.24,10.24,10.24,0.4267777777777778,6.833333333333333,321.9555555555556,1.3907088888888888,3.0,17.63
NGTS_Clay_ONSB01,12.1,12.100000000000001,12.100000000000001,0.47711111111111104,8.755555555555555,363.11111111111114,1.5631777777777778,2.7777777777777777,17.35
NGTS_Clay_ONSB01,12.1,12.100000000000001,12.100000000000001,0.47711111111111104,8.755555555555555,363.11111111111114,1.5631777777777778,2.7777777777777777,17.45
NGTS_Clay_ONSB01,12.22,12.22,12.22,0.49833333333333335,9.477777777777778,367.8777777777778,1.6583155555555553,3.0,17.46
NGTS_Clay_ONSB01,12.22,12.22,12.22,0.49833333333333335,9.477777777777778,367.8777777777778,1.6583155555555553,3.0,17.32
NGTS_Clay_ONSB01,14.1,14.100000000000001,14.100000000000001,0.5406666666666667,8.411111111111111,345.5111111111111,1.3776444444444447,3.0,15.59
NGTS_Clay_ONSB01,14.14,14.14,14.14,0.5378888888888889,8.411111111111111,385.2777777777778,1.369841111111111,3.111111111111111,15.78
NGTS_Clay_ONSB01,14.14,14.14,14.14,0.5378888888888889,8.411111111111111,385.2777777777778,1.369841111111111,3.111111111111111,15.78
NGTS_Clay_ONSB01,14.43,14.429999999999998,14.429999999999998,0.5253,8.23,448.88,1.338003,3.0,16.1
NGTS_Clay_ONSB01,14.43,14.429999999999998,14.429999999999998,0.5253,8.23,448.88,1.338003,3.0,15.47
NGTS_Clay_ONSB01,14.52,14.520000000000001,14.520000000000001,0.5183333333333334,8.144444444444444,441.0333333333333,1.3435466666666667,3.0,15.66
NGTS_Clay_ONSB01,14.52,14.520000000000001,14.520000000000001,0.5183333333333334,8.144444444444444,441.0333333333333,1.3435466666666667,3.0,15.87
NGTS_Clay_ONSB01,14.52,14.520000000000001,14.520000000000001,0.5183333333333334,8.144444444444444,441.0333333333333,1.3435466666666667,3.0,15.85
NGTS_Clay_ONSB01,14.82,14.82,14.82,0.572111111111111,9.644444444444446,448.70000000000005,1.4566844444444444,3.0,16.46
NGTS_Clay_ONSB01,14.82,14.82,14.82,0.572111111111111,9.644444444444446,448.70000000000005,1.4566844444444444,3.0,15.44
NGTS_Clay_ONSB01,14.89,14.89,14.89,0.5777999999999999,10.309999999999999,453.16,1.542208,3.0,16.16
NGTS_Clay_ONSB01,14.89,14.89,14.89,0.5777999999999999,10.309999999999999,453.16,1.542208,3.0,15.91
NGTS_Clay_ONSB02,3.1,3.1,3.1,0.2744444444444445,6.066666666666666,154.79444444444445,1.9825399999999997,3.0,15.28
NGTS_Clay_ONSB02,3.23,3.2299999999999995,3.2299999999999995,0.2784,6.180000000000001,161.983,1.9882379999999997,3.0,15.58
NGTS_Clay_ONSB02,4.3,4.300000000000001,4.300000000000001,0.26300000000000007,5.444444444444444,173.2444444444444,1.8294266666666665,3.0,15.03
NGTS_Clay_ONSB02,5.2,5.199999999999999,5.199999999999999,0.2625555555555556,4.933333333333334,180.9777777777778,1.6514666666666666,3.0,15.32
NGTS_Clay_ONSB02,5.25,5.25,5.25,0.2632,4.949999999999999,181.71999999999997,1.652329,3.0,16.01
NGTS_Clay_ONSB02,9.2,9.2,9.2,0.3976666666666666,8.122222222222224,288.1111111111111,1.78369,3.0,17.02
NGTS_Clay_ONSB03,10.48,10.479999999999999,10.479999999999999,0.46022222222222225,8.155555555555557,320.41111111111115,1.5564455555555554,3.0,17.86
NGTS_Clay_ONSB03,10.6,10.600000000000001,10.600000000000001,0.44899999999999995,8.355555555555558,321.4555555555556,1.628208888888889,3.0,17.96
NGTS_Clay_ONSB03,12.44,12.440000000000001,12.440000000000001,0.48000000000000004,9.02222222222222,364.83333333333337,1.6314466666666665,3.0,17.52
NGTS_Clay_ONSB04,8.42,8.42,8.42,0.3672222222222223,6.566666666666666,260.0777777777778,1.5666433333333332,3.0,16.55
NGTS_Clay_ONSB04,8.52,8.52,8.52,0.3592222222222222,6.888888888888889,267.5222222222222,1.6696333333333333,3.0,17.94
NGTS_Clay_ONSB04,9.02,9.02,9.02,0.38522222222222224,6.833333333333334,271.5222222222222,1.5529277777777777,3.0,17.9
NGTS_Clay_ONSB04,9.08,9.08,9.08,0.3913333333333333,7.833333333333333,276.77777777777777,1.75101,3.0,17.75
NGTS_Clay_ONSB04,10.02,10.019999999999998,10.019999999999998,0.41722222222222227,7.988888888888891,301.72222222222223,1.6731522222222222,3.0,17.93
NGTS_Clay_ONSB04,10.13,10.129999999999999,10.129999999999999,0.4103,7.510000000000001,315.42,1.5872499999999998,3.0,17.92
NGTS_Clay_ONSB05,8.97,8.969999999999999,8.969999999999999,0.38099999999999995,6.220000000000001,270.67999999999995,1.4298769999999998,3.0,17.09
NGTS_Clay_ONSB05,9.07,9.07,9.07,0.39049999999999996,7.660000000000001,276.51000000000005,1.7152360000000002,3.0,17.47
NGTS_Clay_ONSB05,9.97,9.969999999999999,9.969999999999999,0.4163,7.92,303.27,1.6608890000000003,3.0,17.6
NGTS_Clay_ONSB05,10.07,10.07,10.07,0.4123,7.790000000000001,309.94,1.642633,3.0,17.82
NGTS_Clay_ONSB05,10.97,10.969999999999999,10.969999999999999,0.43390000000000006,8.6,329.31,1.716104,3.0,18.27
NGTS_Clay_ONSB05,11.07,11.07,11.07,0.4292999999999999,7.99,327.0400000000001,1.6105250000000002,3.0,18.13
NGTS_Clay_ONSB06,5.67,5.67,5.67,0.27649999999999997,5.71,198.24,1.806559,3.0,16.29
NGTS_Clay_ONSB06,6.3,6.300000000000001,6.300000000000001,0.3034444444444444,5.833333333333334,214.74444444444444,1.6840166666666667,3.0,16.03
NGTS_Clay_ONSB06,6.4,6.3999999999999995,6.3999999999999995,0.30244444444444446,6.033333333333333,216.7,1.7450455555555555,3.0,16.22
NGTS_Clay_ONSB06,7.2,7.199999999999999,7.199999999999999,0.3254444444444445,6.699999999999999,237.13333333333335,1.789538888888889,3.0,16.48
NGTS_Clay_ONSB06,7.3,7.299999999999999,7.299999999999999,0.32422222222222224,7.077777777777778,240.68888888888887,1.8993433333333334,3.0,16.39
NGTS_Clay_ONSB06,8.67,8.669999999999998,8.669999999999998,0.35890000000000005,7.1,272.67999999999995,1.7176550000000002,3.0,17.4
NGTS_Clay_ONSB06,8.78,8.78,8.78,0.3688888888888889,7.0,272.0,1.652641111111111,3.0,17.58
NGTS_Clay_ONSB07,5.65,5.65,5.65,0.276,5.7299999999999995,197.21,1.816646,3.0,15.99
NGTS_Clay_ONSB07,5.78,5.779999999999999,5.779999999999999,0.28177777777777774,5.51111111111111,200.46666666666667,1.7122855555555558,3.0,15.84
NGTS_Clay_ONSB07,6.27,6.269999999999999,6.269999999999999,0.30219999999999997,5.92,213.35999999999999,1.7168759999999998,3.0,15.99
NGTS_Clay_ONSB07,6.37,6.369999999999999,6.369999999999999,0.3027,5.8999999999999995,215.58,1.706587,3.0,16.0
NGTS_Clay_ONSB07,7.27,7.269999999999999,7.269999999999999,0.32720000000000005,7.109999999999999,239.13000000000002,1.8947040000000002,3.0,16.21
NGTS_Clay_ONSB07,7.37,7.37,7.37,0.32259999999999994,6.82,246.85,1.83374,3.0,16.33
NGTS_Clay_ONSB07,8.67,8.669999999999998,8.669999999999998,0.35890000000000005,7.1,272.67999999999995,1.7176550000000002,3.0,17.19
NGTS_Clay_ONSB07,8.78,8.78,8.78,0.3688888888888889,7.0,272.0,1.652641111111111,3.0,17.25
NGTS_Clay_ONSB08,6.6,6.6,6.6,0.29400000000000004,5.355555555555555,218.42222222222222,1.586457777777778,3.0,15.71
NGTS_Clay_ONSB08,6.73,6.7299999999999995,6.7299999999999995,0.3096,5.0699999999999985,223.82,1.4305919999999999,3.0,16.69
NGTS_Clay_ONSB08,9.59,9.59,9.59,0.39059999999999995,7.19,300.68999999999994,1.5956829999999997,3.0,17.65
NGTS_Clay_ONSB08,9.7,9.7,9.7,0.394,6.655555555555555,298.94444444444446,1.4667744444444446,3.0,17.84
NGTS_Clay_ONSB09,8.67,8.669999999999998,8.669999999999998,0.35890000000000005,7.1,272.67999999999995,1.7176550000000002,3.0,17.48
NGTS_Clay_ONSB09,8.78,8.78,8.78,0.3688888888888889,7.0,272.0,1.652641111111111,3.0,17.42
NGTS_Clay_ONSB09,9.63,9.629999999999999,9.629999999999999,0.3933,6.94,298.63,1.5323489999999997,3.0,17.92
NGTS_Clay_ONSB09,9.73,9.73,9.73,0.39319999999999994,6.74,301.18,1.4865300000000004,3.0,17.85
NGTS_Clay_ONSB09,10.57,10.57,10.57,0.4534000000000001,8.170000000000002,321.44,1.5791680000000003,3.0,17.92
NGTS_Clay_ONSB09,10.68,10.68,10.68,0.44222222222222224,9.033333333333335,322.79999999999995,1.7847766666666667,3.0,17.84
NGTS_Clay_ONSB10,5.67,5.67,5.67,0.27649999999999997,5.71,198.24,1.806559,3.0,16.1
NGTS_Clay_ONSB10,5.78,5.779999999999999,5.779999999999999,0.28177777777777774,5.51111111111111,200.46666666666667,1.7122855555555558,3.0,16.0
NGTS_Clay_ONSB10,8.67,8.669999999999998,8.669999999999998,0.35890000000000005,7.1,272.67999999999995,1.7176550000000002,3.0,17.86
NGTS_Clay_ONSB10,8.78,8.78,8.78,0.3688888888888889,7.0,272.0,1.652641111111111,3.0,17.62
NGTS_Clay_ONSB11,5.87,5.869999999999999,5.869999999999999,0.2823,5.38,201.79,1.667593,3.0,16.26
NGTS_Clay_ONSB11,6.19,6.1899999999999995,6.1899999999999995,0.2972,6.070000000000001,210.31,1.7909620000000004,3.0,16.22
NGTS_Clay_ONSB11,6.3,6.300000000000001,6.300000000000001,0.3034444444444444,5.833333333333334,214.74444444444444,1.6840166666666667,3.0,16.14
NGTS_Clay_ONSB11,8.93,8.93,8.93,0.37960000000000005,6.140000000000001,270.67,1.4159749999999998,3.0,17.34
NGTS_Clay_ONSB11,9.06,9.06,9.06,0.3896666666666666,7.522222222222222,274.9666666666667,1.6889944444444445,3.0,17.6
NGTS_Clay_ONSB12,5.98,5.98,5.98,0.2797777777777778,5.511111111111111,201.87777777777777,1.7222377777777775,3.0,16.2
NGTS_Clay_ONSB12,6.17,6.17,6.17,0.29510000000000003,6.1400000000000015,209.47000000000003,1.823651,3.0,16.2
NGTS_Clay_ONSB12,6.28,6.279999999999999,6.279999999999999,0.303,5.888888888888889,213.47777777777776,1.703501111111111,3.0,16.14
NGTS_Clay_ONSB12,9.25,9.25,9.25,0.3961,7.69,289.71,1.693161,3.0,17.55
NGTS_Clay_ONSB12,9.37,9.37,9.37,0.3962,7.279999999999999,292.59000000000003,1.601156,3.0,17.72
NGTS_Clay_ONSB13,6.1,6.1,6.1,0.28522222222222227,6.144444444444444,204.7111111111111,1.8842622222222225,3.0,16.03
NGTS_Clay_ONSB13,7.04,7.04,7.04,0.308,5.977777777777778,232.46666666666664,1.6817111111111114,3.0,16.73
NGTS_Clay_ONSB14,12.34,12.339999999999998,12.339999999999998,0.41797499999999993,11.183333333333335,357.2916666666667,2.252326666666667,3.0,17.64
NGTS_Clay_ONSB21,11.7,11.7,11.7,0.4723333333333334,9.044444444444444,357.1888888888889,1.6637300000000002,3.0,16.93
NGTS_Clay_ONSB21,11.83,11.83,11.83,0.4747,7.92,365.51,1.446606,3.0,17.47
NGTS_Clay_ONSB21,12.83,12.829999999999998,12.829999999999998,0.49939999999999996,9.55,372.42,1.6643520000000003,3.0,17.53
NGTS_Clay_ONSB21,12.9,12.9,12.9,0.49599999999999994,9.622222222222222,378.5333333333333,1.6828066666666668,3.0,17.41
NGTS_Clay_ONSB21,13.75,13.75,13.75,0.5106,7.839999999999999,413.52,1.3216309999999998,3.0,15.86
NGTS_Clay_ONSB21,13.83,13.830000000000002,13.830000000000002,0.5133000000000001,7.739999999999999,415.62,1.2978219999999998,3.0,16.25
NGTS_Clay_ONSB22,5.7,5.7,5.7,0.27655555555555555,5.633333333333334,199.07777777777775,1.7814855555555553,3.0,15.92
NGTS_Clay_ONSB22,5.78,5.779999999999999,5.779999999999999,0.28177777777777774,5.51111111111111,200.46666666666667,1.7122855555555558,3.0,15.75
NGTS_Clay_ONSB22,6.9,6.8999999999999995,6.8999999999999995,0.3178888888888889,6.477777777777778,227.0888888888889,1.783317777777778,3.0,16.08
NGTS_Clay_ONSB22,6.98,6.98,6.98,0.3164444444444445,6.533333333333334,233.54444444444445,1.7992177777777778,3.0,15.93
NGTS_Clay_ONSB22,7.53,7.530000000000001,7.530000000000001,0.3302,6.5200000000000005,252.82999999999998,1.712676,3.0,15.99
NGTS_Clay_ONSB22,7.65,7.65,7.65,0.33120000000000005,6.639999999999999,251.92000000000002,1.740372,3.0,15.45
NGTS_Clay_ONSB22,13.7,13.7,13.7,0.5107777777777778,7.888888888888889,414.4333333333333,1.3289066666666665,3.0,17.74
NGTS_Clay_ONSB22,13.78,13.78,13.78,0.512888888888889,7.788888888888888,413.7,1.3077788888888888,3.0,17.54
NGTS_Clay_ONSB22,14.45,14.45,14.45,0.5245,8.190000000000001,447.30999999999995,1.333859,3.0,16.15
NGTS_Clay_ONSB22,14.58,14.58,14.58,0.5262222222222221,8.3,440.4666666666667,1.3533055555555555,3.111111111111111,16.16
NGTS_Clay_ONSB22,15.28,15.279999999999998,15.279999999999998,0.5935555555555555,11.68888888888889,461.0888888888889,1.7052011111111112,3.0,15.8
NGTS_Clay_ONSB22,15.35,15.35,15.35,0.602,11.489999999999998,469.21000000000004,1.651991,3.0,15.66
NGTS_Clay_ONSB25,8.91,8.91,8.91,0.3789,6.24,269.99,1.442192,3.0,16.67
NGTS_Clay_ONSB25,8.98,8.979999999999999,8.979999999999999,0.3813333333333333,6.222222222222223,270.8111111111111,1.4292500000000001,3.0,16.53
NGTS_Clay_ONSB25,9.18,9.18,9.18,0.398111111111111,8.244444444444445,286.67777777777775,1.8102500000000004,3.0,16.67
NGTS_Clay_ONSB25,10.14,10.14,10.14,0.4116666666666666,7.488888888888888,318.67777777777775,1.5756677777777774,3.0,17.31
NGTS_Clay_ONSB25,10.16,10.159999999999998,10.159999999999998,0.41155555555555545,7.211111111111112,322.2222222222223,1.516242222222222,3.0,17.69
NGTS_Clay_ONSB25,10.66,10.659999999999998,10.659999999999998,0.4442222222222222,8.866666666666667,323.24444444444447,1.7439355555555556,3.0,18.03
NGTS_Clay_ONSB25,10.79,10.79,10.79,0.4319,9.7,324.25999999999993,1.953687,3.0,17.67
NGTS_Clay_ONSB27,8.7,8.7,8.7,0.3608888888888889,7.166666666666667,272.18888888888887,1.7255255555555555,3.0,16.83
NGTS_Clay_ONSB27,8.78,8.78,8.78,0.3688888888888889,7.0,272.0,1.652641111111111,3.0,16.51
NGTS_Clay_ONSB27,10.1,10.100000000000001,10.100000000000001,0.41011111111111104,7.622222222222222,312.52222222222224,1.6132177777777779,3.0,17.67
NGTS_Clay_ONSB27,10.18,10.18,10.18,0.413,6.9222222222222225,323.8,1.4513733333333332,3.0,17.46
NGTS_Clay_ONSB27,10.65,10.65,10.65,0.44460000000000005,8.809999999999999,323.25,1.7314429999999998,3.0,17.77
NGTS_Clay_ONSB27,10.76,10.76,10.76,0.4324444444444444,9.755555555555555,322.91111111111115,1.964101111111111,3.0,17.78
NGTS_Clay_ONSB27,11.55,11.549999999999999,11.549999999999999,0.47120000000000006,8.68,347.63,1.6055389999999998,3.0,17.86
NGTS_Clay_ONSB27,11.71,11.709999999999999,11.709999999999999,0.4720000000000001,8.96,358.90000000000003,1.648131,3.0,17.73
NGTS_Clay_ONSB27,11.87,11.87,11.87,0.47539999999999993,7.9399999999999995,365.62,1.4480270000000002,3.0,17.88
NGTS_Clay_ONSB27,12.73,12.73,12.73,0.5,9.059999999999999,378.65,1.5727090000000001,3.0,17.44
NGTS_Clay_ONSB27,13.57,13.569999999999999,13.569999999999999,0.5175,8.87,418.9,1.4742199999999999,3.0,17.68
NGTS_Clay_ONSB28,8.54,8.54,8.54,0.35866666666666663,7.055555555555555,268.73333333333335,1.7108755555555555,3.0,16.34
NGTS_Clay_ONSB28,8.7,8.7,8.7,0.3608888888888889,7.166666666666667,272.18888888888887,1.7255255555555555,3.0,16.56
NGTS_Clay_ONSB28,9.65,9.65,9.65,0.3944,6.88,298.36,1.515549,3.0,17.13
NGTS_Clay_ONSB28,9.73,9.73,9.73,0.39319999999999994,6.74,301.18,1.4865300000000004,3.0,17.07
NGTS_Clay_ONSB28,10.65,10.65,10.65,0.44460000000000005,8.809999999999999,323.25,1.7314429999999998,3.0,17.95
NGTS_Clay_ONSB28,10.67,10.669999999999998,10.669999999999998,0.44279999999999997,9.000000000000002,323.29,1.775711,3.0,17.63
NGTS_Clay_ONSB29,6.9,6.900833333333332,6.900833333333332,0.24138333333333337,7.175,225.63333333333335,2.465896666666667,3.0,15.75
NGTS_Clay_ONSB29,9.96,9.961666666666666,9.961666666666666,0.33225,9.558333333333335,313.75833333333327,2.3826766666666663,3.0,15.87
NGTS_Clay_ONSB41,3.12,3.1200000000000006,3.1200000000000006,0.20607499999999998,5.433333333333333,135.58333333333334,2.303244166666667,3.0,15.8
NGTS_Clay_ONSB41,3.34,3.3385714285714285,3.3385714285714285,0.20485714285714285,5.478571428571429,138.77857142857144,2.3271949999999997,3.0,15.94
NGTS_Clay_ONSB41,3.48,3.4820000000000007,3.4820000000000007,0.20323000000000002,5.65,145.14000000000001,2.402606,3.0,15.81
NGTS_Clay_ONSB41,5.12,5.12,5.12,0.18978461538461536,4.776923076923077,171.2,2.1010292307692313,3.0,15.62
NGTS_Clay_ONSB41,5.22,5.220000000000001,5.220000000000001,0.18274285714285715,5.285714285714286,175.27142857142857,2.3888257142857143,3.0,15.3
NGTS_Clay_ONSB41,5.27,5.270909090909091,5.270909090909091,0.19061818181818183,4.881818181818181,175.86363636363637,2.129101818181818,3.0,15.54
NGTS_Clay_ONSB41,5.47,5.4700000000000015,5.4700000000000015,0.17642500000000003,4.466666666666666,175.23333333333332,2.0789533333333337,3.0,15.44
NGTS_Clay_ONSB41,5.63,5.630000000000001,5.630000000000001,0.19241818181818182,4.618181818181819,183.89999999999998,1.9831209090909097,3.0,15.39
NGTS_Clay_ONSB41,6.62,6.620769230769229,6.620769230769229,0.22544615384615385,6.700000000000001,215.7076923076923,2.4550961538461538,3.0,15.49
NGTS_Clay_ONSB41,6.84,6.84,6.84,0.23168333333333335,7.574999999999999,222.0583333333333,2.7002183333333334,3.0,15.71
NGTS_Clay_ONSB41,6.97,6.969166666666667,6.969166666666667,0.24085000000000004,7.125,224.42499999999998,2.4554708333333335,3.0,15.73
NGTS_Clay_ONSB41,8.62,8.619230769230768,8.619230769230768,0.3020307692307692,9.076923076923077,270.5153846153846,2.5105938461538457,3.0,16.03
NGTS_Clay_ONSB41,8.67,8.670000000000002,8.670000000000002,0.30125,9.208333333333332,269.0833333333333,2.5547958333333334,3.0,16.31
NGTS_Clay_ONSB41,8.72,8.72090909090909,8.72090909090909,0.2895272727272727,9.490909090909092,269.29090909090905,2.7212518181818184,3.0,15.59
NGTS_Clay_ONSB41,8.87,8.870769230769229,8.870769230769229,0.3033076923076923,8.746153846153847,277.4307692307692,2.4009092307692304,3.0,16.13
NGTS_Clay_ONSB41,9.02,9.019090909090908,9.019090909090908,0.3266454545454545,9.845454545454546,261.1727272727273,2.5640354545454547,3.0,16.43
NGTS_Clay_ONSB41,10.18,10.180833333333332,10.180833333333332,0.33792500000000003,9.900000000000002,314.93333333333334,2.431690833333333,3.0,16.44
NGTS_Clay_ONSB41,10.32,10.321428571428573,10.321428571428573,0.34090714285714274,9.842857142857143,306.79285714285714,2.411485,3.0,16.6
NGTS_Clay_ONSB41,10.48,10.479999999999999,10.479999999999999,0.34856666666666664,10.51666666666667,334.85833333333335,2.490985,3.0,17.28
NGTS_Clay_ONSB41,11.12,11.120000000000001,11.120000000000001,0.36004285714285716,11.792857142857144,331.87857142857143,2.7235335714285713,3.0,16.78
NGTS_Clay_ONSB41,11.37,11.37,11.37,0.38590833333333335,11.408333333333331,310.97499999999997,2.5113675,3.0,17.28
NGTS_Clay_ONSB41,11.5,11.5,11.5,0.3578923076923077,11.85384615384615,337.7461538461538,2.7426384615384616,3.0,17.33
NGTS_Clay_ONSB41,12.18,12.180769230769231,12.180769230769231,0.3357384615384615,10.469230769230771,382.0692307692307,2.4935630769230768,3.0,17.59
NGTS_Clay_ONSB41,12.32,12.321333333333335,12.321333333333335,0.37817333333333336,8.033333333333333,351.6066666666667,1.7633433333333335,3.0,17.66
NGTS_Clay_ONSB41,12.48,12.48,12.48,0.40096363636363636,10.68181818181818,376.6363636363636,2.207763636363637,3.0,17.79
NGTS_Clay_ONSB41,14.12,14.12090909090909,14.12090909090909,0.4361909090909091,8.945454545454545,428.91818181818184,1.6860790909090908,3.0,17.01
NGTS_Clay_ONSB41,14.5,14.499999999999998,14.499999999999998,0.4658923076923077,7.8692307692307715,445.4769230769231,1.3954946153846153,3.0,18.53
NGTS_Clay_ONSB41,14.63,14.630833333333328,14.630833333333328,0.4734666666666667,8.975,454.43333333333334,1.5651333333333335,3.0,17.23
NGTS_Clay_ONSB41,16.12,16.11769230769231,16.11769230769231,0.5099000000000001,12.161538461538461,487.23076923076917,1.9707846153846154,3.0,17.48
NGTS_Clay_ONSB41,16.17,16.170833333333338,16.170833333333338,0.5000500000000001,12.175000000000002,491.12500000000006,2.002161666666667,3.0,17.48
NGTS_Clay_ONSB41,16.22,16.219999999999995,16.219999999999995,0.5037,11.966666666666669,484.04166666666674,1.9611141666666667,3.0,17.13
NGTS_Clay_ONSB41,16.4,16.400000000000002,16.400000000000002,0.5332000000000001,12.174999999999999,492.52500000000003,1.8977716666666664,3.0,17.28
NGTS_Clay_ONSB41,16.54,16.540000000000003,16.540000000000003,0.5182818181818182,12.890909090909092,504.6636363636363,2.048413636363636,3.0,17.25
NGTS_Clay_ONSB41,19.12,19.121000000000002,19.121000000000002,0.5959500000000001,12.25,562.7,1.701924,3.0,17.75
NGTS_Clay_ONSB41,19.17,19.17,19.17,0.5992583333333333,11.75,575.9250000000001,1.6186075000000002,3.0,18.06
NGTS_Clay_ONSB41,19.22,19.219999999999995,19.219999999999995,0.618675,11.400000000000004,571.5583333333333,1.5313516666666664,3.0,17.91
NGTS_Clay_ONSB41,19.36,19.360000000000003,19.360000000000003,0.6069166666666665,13.466666666666663,529.2583333333333,1.8616991666666667,3.0,17.9
NGTS_Clay_ONSB41,19.52,19.520833333333332,19.520833333333332,0.7133333333333334,9.233333333333336,539.8416666666667,1.1097499999999998,4.0,17.97
NGTS_Clay_ONSB43,2.95,2.95,2.95,0.1912,8.91,201.927,3.688782,3.0,15.88
NGTS_Clay_ONSB43,3.05,3.0500000000000003,3.0500000000000003,0.17579999999999998,8.790000000000001,206.13299999999998,3.8756609999999996,2.9,16.03
NGTS_QClay_TILB06,8.175,8.18,8.18,0.7398,6.174,678.728,0.716306,4.0,17.5
NGTS_QClay_TILB06,15.43,15.43,15.43,1.0214999999999999,8.693333333333333,949.2583333333333,0.7299266666666666,4.0,17.09
NGTS_QClay_TILB06,11.225,11.28,11.28,0.9436,7.448,845.7360000000001,0.6814060000000001,4.0,17.98
NGTS_QClay_TILB06,9.23,9.23,9.23,0.7871666666666667,6.176666666666667,742.7833333333332,0.6710316666666666,4.0,17.47
NGTS_QClay_TILB06,10.28,10.28,10.28,0.8224,6.5840000000000005,800.158,0.68138,4.0,17.51
NGTS_QClay_TILB06,12.28,12.28,12.28,0.8867999999999998,7.846000000000001,875.732,0.7512840000000001,4.0,17.67
NGTS_QClay_TILB06,17.175,17.18,17.18,1.1074000000000002,9.578,1098.666,0.7340259999999998,4.4,18.31
NGTS_QClay_TILB06,8.18,8.18,8.18,0.7398,6.174,678.728,0.716306,4.0,
NGTS_QClay_TILB06,9.18,9.18,9.18,0.7736000000000001,6.038,734.874,0.666582,4.0,
NGTS_QClay_TILB06,10.24,10.24,10.24,0.8144,6.698,800.6940000000001,0.6995119999999999,4.0,
NGTS_QClay_TILB06,10.28,10.28,10.28,0.8224,6.5840000000000005,800.158,0.68138,4.0,
NGTS_QClay_TILB06,11.23,11.229999999999999,11.229999999999999,0.884,7.161666666666666,830.5733333333333,0.6956333333333333,4.0,
NGTS_QClay_TILB06,12.23,12.229999999999999,12.229999999999999,0.8926666666666666,7.936666666666667,877.035,0.7557300000000001,4.0,
NGTS_QClay_TILB06,14.32,14.319999999999999,14.319999999999999,0.9548,8.978,955.566,0.797846,4.0,
NGTS_QClay_TILB06,14.33,14.329999999999998,14.329999999999998,0.9583333333333334,8.883333333333333,957.7066666666666,0.7867216666666667,4.0,
NGTS_QClay_TILB06,15.43,15.43,15.43,1.0214999999999999,8.693333333333333,949.2583333333333,0.7299266666666666,4.0,
NGTS_QClay_TILB06,16.13,16.13,16.13,1.0656666666666668,9.401666666666667,1023.975,0.7520583333333333,4.0,
NGTS_QClay_TILB06,17.17,17.169999999999998,17.169999999999998,1.1107500000000001,9.6125,1099.475,0.7347524999999999,4.5,
NGTS_QClay_TILB06,19.23,19.23,19.23,1.1768333333333332,10.325000000000001,1201.395,0.741405,4.833333333333333,
NGTS_QClay_TILB06,10.28,10.28,10.28,0.8224,6.5840000000000005,800.158,0.68138,4.0,
NGTS_QClay_TILB06,12.23,12.229999999999999,12.229999999999999,0.8926666666666666,7.936666666666667,877.035,0.7557300000000001,4.0,
NGTS_QClay_TILB06,10.28,10.28,10.28,0.8224,6.5840000000000005,800.158,0.68138,4.0,16.98
NGTS_QClay_TILB06,14.38,14.379999999999999,14.379999999999999,0.9907999999999999,8.574,966.4200000000001,0.7363120000000001,4.0,17.01
NGTS_QClay_TILB06,8.17,8.17,8.17,0.7358333333333333,6.161666666666666,677.6133333333333,0.7183916666666667,4.0,17.31
NGTS_QClay_TILB06,9.25,9.25,9.25,0.7965,6.1625,745.8225,0.66224,4.0,17.8
NGTS_QClay_TILB06,10.4,10.4,10.4,0.8106,6.702,792.692,0.703158,4.0,17.8
NGTS_QClay_TILB06,11.27,11.27,11.27,0.9457499999999999,7.345,841.795,0.6714950000000001,4.0,18.72
NGTS_QClay_TILB06,12.31,12.31,12.31,0.8929999999999999,7.7266666666666675,873.2999999999998,0.7359033333333332,4.0,17.35
NGTS_QClay_TILB06,13.18,13.180000000000001,13.180000000000001,0.9094,7.234,874.2,0.678288,4.0,18.0
NGTS_QClay_TILB06,14.49,14.49,14.49,0.9848333333333333,8.44,924.5916666666667,0.7335316666666666,4.166666666666667,18.04
NGTS_QClay_TILB06,15.4,15.4,15.4,1.0102,8.904,956.9559999999999,0.754238,4.0,17.99
NGTS_QClay_TILB06,16.16,16.16,16.16,1.0654,9.362,1026.8339999999998,0.748668,4.0,18.0
NGTS_QClay_TILB06,17.17,17.169999999999998,17.169999999999998,1.1056666666666668,9.665,1098.9566666666667,0.7416683333333333,4.333333333333333,18.7
NGTS_QClay_TILB06,18.08,18.080000000000002,18.080000000000002,1.2151999999999998,10.662,1181.1740000000002,0.7472619999999999,5.0,18.11
NGTS_QClay_TILB06,19.35,19.349999999999998,19.349999999999998,1.1809999999999998,10.284999999999998,1204.51,0.7357833333333333,5.0,18.41
NGTS_QClay_TILB06,19.85,19.849999999999998,19.849999999999998,1.2720000000000002,11.040000000000001,1250.585,0.738565,4.833333333333333,19.25
NGTS_QClay_TILB06,8.08,8.08,8.08,0.7203999999999999,6.442,674.7819999999999,0.7652979999999999,4.0,
NGTS_QClay_TILB06,8.28,8.28,8.28,0.719,6.2540000000000004,677.982,0.7437739999999999,4.0,
NGTS_QClay_TILB06,17.05,17.049999999999997,17.049999999999997,1.088,10.195,1085.29,0.7944049999999999,4.0,
NGTS_QClay_TILB06,17.25,17.25,17.25,1.0976666666666668,9.42,1105.5400000000002,0.7271350000000001,4.333333333333333,
NGTS_QClay_TILB06,18.13,18.13,18.13,1.1781666666666666,10.561666666666666,1172.3400000000001,0.7601783333333335,5.0,
NGTS_QClay_TILB06,18.33,18.33,18.33,1.132,9.85,1159.3816666666667,0.7347066666666667,4.666666666666667,
NGTS_QClay_TILB06,19.15,19.15,19.15,1.1918333333333333,9.953333333333333,1199.1116666666667,0.7076816666666668,5.0,
NGTS_QClay_TILB06,19.32,19.32,19.32,1.174,10.434000000000001,1199.926,0.75075,4.8,
NGTS_QClay_TILB06,19.77,19.77,19.77,1.2983333333333333,10.913333333333332,1249.131666666667,0.7172833333333332,5.0,
NGTS_QClay_TILB06,19.95,19.95,19.95,1.2181666666666666,10.576666666666666,1221.7333333333333,0.7363649999999998,4.833333333333333,
NGTS_QClay_TILB06,9.1,9.1,9.1,0.7518,6.0280000000000005,729.428,0.6828339999999999,4.0,
NGTS_QClay_TILB06,9.25,9.25,9.25,0.7961666666666667,6.208333333333333,746.2516666666667,0.66737,4.0,
NGTS_QClay_TILB06,10.15,10.149999999999999,10.149999999999999,0.8111666666666667,6.94,800.9266666666667,0.7267666666666668,4.0,
NGTS_QClay_TILB06,10.39,10.389999999999999,10.389999999999999,0.8091666666666666,6.72,794.375,0.7058800000000001,4.0,
NGTS_QClay_TILB06,11.1,11.1,11.1,0.8437999999999999,6.9399999999999995,823.0719999999999,0.699722,4.0,
NGTS_QClay_TILB06,11.3,11.3,11.3,0.952,7.536,850.54,0.68345,4.0,
NGTS_QClay_TILB06,12.2,12.2,12.2,0.9006000000000001,7.981999999999999,878.326,0.7542199999999999,4.0,
NGTS_QClay_TILB06,12.52,12.52,12.52,0.8772,7.877999999999998,857.1939999999998,0.7605319999999999,4.0,
NGTS_QClay_TILB06,13.23,13.230000000000002,13.230000000000002,0.9161666666666668,7.378333333333333,877.0933333333334,0.6869583333333332,4.0,
NGTS_QClay_TILB06,13.4,13.4,13.4,0.8858,7.764,900.9199999999998,0.7410640000000001,4.0,
NGTS_QClay_TILB06,14.25,14.25,14.25,0.9683333333333334,9.06,951.8983333333334,0.7962066666666666,4.0,
NGTS_QClay_TILB06,14.49,14.49,14.49,0.9848333333333333,8.44,924.5916666666667,0.7335316666666666,4.166666666666667,
NGTS_QClay_TILB06,15.3,15.3,15.3,1.0138,8.268,954.04,0.697448,4.0,
NGTS_QClay_TILB06,15.48,15.479999999999999,15.479999999999999,1.0206,8.303999999999998,948.5939999999998,0.6970379999999999,4.0,
NGTS_QClay_TILB06,16.05,16.049999999999997,16.049999999999997,1.0553333333333332,9.528333333333334,1021.0400000000001,0.7693099999999999,4.0,
NGTS_QClay_TILB06,16.15,16.15,16.15,1.0651666666666666,9.435,1024.9533333333334,0.7548916666666666,4.0,
NGTS_QClay_TILB19,10.18,10.18,10.18,0.8042,7.0840000000000005,802.972,0.746548,4.0,17.47
NGTS_QClay_TILB19,10.18,10.18,10.18,0.8042,7.0840000000000005,802.972,0.746548,4.0,18.62
NGTS_QClay_TILB19,14.35,14.350000000000001,14.350000000000001,0.9688333333333334,8.703333333333333,959.9316666666667,0.7631416666666667,4.0,18.67
NGTS_QClay_TILB19,14.35,14.350000000000001,14.350000000000001,0.9688333333333334,8.703333333333333,959.9316666666667,0.7631416666666667,4.0,18.07
NGTS_QClay_TILB19,10.18,10.18,10.18,0.8042,7.0840000000000005,802.972,0.746548,4.0,17.14
NGTS_QClay_TILB19,14.35,14.350000000000001,14.350000000000001,0.9688333333333334,8.703333333333333,959.9316666666667,0.7631416666666667,4.0,18.08
NGTS_QClay_TILB19,10.4,10.4,10.4,0.8106,6.702,792.692,0.703158,4.0,17.8
NGTS_QClay_TILB19,14.4,14.4,14.4,1.0008000000000001,8.524,964.392,0.725914,4.0,17.9
NGTS_QClay_TILB19,10.15,10.149999999999999,10.149999999999999,0.8111666666666667,6.94,800.9266666666667,0.7267666666666668,4.0,
NGTS_QClay_TILB19,14.32,14.319999999999999,14.319999999999999,0.9548,8.978,955.566,0.797846,4.0,
NGTS_QClay_TILB19,10.25,10.25,10.25,0.8128333333333333,6.633333333333334,800.035,0.6938133333333333,4.0,
NGTS_QClay_TILB19,10.25,10.25,10.25,0.8128333333333333,6.633333333333334,800.035,0.6938133333333333,4.0,
NGTS_QClay_TILB19,10.25,10.25,10.25,0.8128333333333333,6.633333333333334,800.035,0.6938133333333333,4.0,
NGTS_QClay_TILB19,14.42,14.419999999999998,14.419999999999998,1.0033999999999998,8.508000000000001,961.2980000000001,0.7232559999999999,4.0,
NGTS_QClay_TILB19,14.42,14.419999999999998,14.419999999999998,1.0033999999999998,8.508000000000001,961.2980000000001,0.7232559999999999,4.0,
NGTS_QClay_TILB19,14.42,14.419999999999998,14.419999999999998,1.0033999999999998,8.508000000000001,961.2980000000001,0.7232559999999999,4.0,
NGTS_QClay_TILB17,10.4,10.4,10.4,0.64662,3.7600000000000002,644.36,0.49311000000000005,4.0,17.3
NGTS_QClay_TILB17,10.23,10.23,10.23,0.6638499999999999,3.816666666666667,645.1500000000001,0.489315,4.0,
NGTS_QClay_TILB17,10.61,10.61,10.61,0.6739499999999999,3.8666666666666667,640.8666666666667,0.48988500000000007,4.0,
NGTS_QClay_TILB17,14.19,14.19,14.19,0.7743833333333333,4.816666666666666,772.2166666666667,0.527565,4.0,
NGTS_QClay_TILB17,14.64,14.639999999999997,14.639999999999997,0.8149200000000001,4.8,798.0400000000001,0.500954,4.0,
NGTS_QClay_TILB17,10.13,10.129999999999999,10.129999999999999,0.6679166666666667,3.9499999999999997,642.85,0.50415,4.0,
NGTS_QClay_TILB17,14.28,14.280000000000001,14.280000000000001,0.78732,4.46,780.3000000000001,0.481686,4.0,
NGTS_Sand_OYSB09,2.0,2.0,2.0,0.5913,-1.2,20.9,-0.2018,1.0,16.89
NGTS_Sand_OYSB09,2.64,2.64,2.6349999999999993,5.110130000000001,16.029999999999998,18.56,0.31887,6.0,16.89
NGTS_Sand_OYSB09,3.0,3.0,2.995,5.841669999999999,12.9,9.809999999999999,0.221915,6.0,14.92
NGTS_Sand_OYSB09,3.47,3.47,3.465,11.51941,52.7,44.32,0.454136,6.0,14.92
NGTS_Sand_OYSB09,6.0,6.0,6.0200000000000005,5.007160000000001,27.580000000000002,33.54,0.5554,5.6,20.22
NGTS_Sand_OYSB09,6.5,6.5,6.495,6.76233,13.830000000000002,46.64,0.204792,6.0,20.22
NGTS_Sand_OYSB09,7.0,7.0,6.995,2.40395,36.88,82.65,1.535158,4.7,19.35
NGTS_Sand_OYSB09,7.62,7.62,7.615,5.132560000000001,34.92,149.23000000000002,0.6761030000000001,5.9,19.35
NGTS_Sand_OYSB09,8.0,8.0,7.994999999999999,11.53164,52.83,112.07000000000001,0.469301,6.0,13.08
NGTS_Sand_OYSB09,8.64,8.64,8.635,8.821270000000002,50.35999999999999,63.09000000000001,0.569342,6.0,13.08
NGTS_Sand_OYSB09,9.0,9.0,8.995,8.072439999999999,29.379999999999995,74.85,0.366201,6.0,19.61
NGTS_Sand_OYSB09,9.61,9.61,9.605,10.08515,42.28000000000001,105.08,0.41703999999999997,6.0,19.61
NGTS_Sand_OYSB09,10.0,10.0,9.995,7.12226,35.40000000000001,83.07000000000001,0.49412899999999993,6.0,19.48
NGTS_Sand_OYSB09,10.61,10.61,10.605,2.6210199999999997,36.330000000000005,127.32000000000001,1.3829540000000002,4.9,19.48
NGTS_Sand_OYSB09,11.0,11.0,10.995,2.71414,27.409999999999997,175.38,1.030451,4.9,19.03
NGTS_Sand_OYSB09,11.62,11.62,11.614999999999998,5.91737,59.370000000000005,139.95,1.002614,5.2,19.03
NGTS_Sand_OYSB09,12.0,12.0,11.995,2.94839,53.410000000000004,132.05,1.8329619999999998,4.5,18.98
NGTS_Sand_OYSB09,12.64,12.64,12.635,4.18367,55.580000000000005,139.21999999999997,1.3244310000000001,5.0,18.98
NGTS_Sand_OYSB09,13.0,13.0,12.995,4.00368,59.0,141.95000000000002,1.493299,5.0,18.42
NGTS_Sand_OYSB09,13.62,13.62,13.615,2.9394799999999996,42.63,271.34,1.493919,4.7,18.42
NGTS_Sand_OYSB09,14.0,14.0,13.995,3.1726600000000005,41.75,209.08999999999997,1.305222,4.9,18.76
NGTS_Sand_OYSB09,14.62,14.62,14.614999999999998,1.4770800000000002,32.86000000000001,277.6,2.162162,4.0,18.76
NGTS_Sand_OYSB09,15.0,15.0,14.995,1.5874000000000001,27.790000000000003,302.25000000000006,1.6744790000000003,4.1,18.38
NGTS_Sand_OYSB09,15.61,15.61,15.604999999999999,4.891789999999999,71.84,214.77000000000004,1.4584599999999999,5.0,18.38
NGTS_Sand_OYSB09,16.0,16.0,15.995,3.2543899999999994,48.49999999999999,251.77000000000004,1.5115009999999998,4.8,18.41
NGTS_Sand_OYSB09,16.6,16.6,16.595,3.5706300000000004,70.82,202.32000000000005,2.0892150000000003,4.5,18.41
NGTS_Sand_OYSB09,17.0,17.0,16.994999999999997,2.45322,41.85,294.55000000000007,1.689292,4.3,19.28
NGTS_Sand_OYSB09,17.61,17.61,17.605000000000004,4.341659999999999,51.68000000000001,272.2,1.2469320000000002,4.9,19.28
NGTS_Sand_OYSB09,18.0,18.0,17.994999999999997,2.82304,58.33,250.22000000000003,1.9065750000000006,4.5,18.55
NGTS_Sand_OYSB09,18.64,18.64,18.635,7.458830000000001,46.5,241.07,0.6293059999999999,5.9,18.55
NGTS_Sand_OYSB09,19.0,19.0,18.994999999999997,6.535030000000001,63.38000000000001,226.87000000000003,0.9858370000000001,5.6,17.27
NGTS_Sand_OYSB09,19.68,19.68,19.675,4.927480000000001,86.27000000000001,238.29999999999995,1.8487029999999998,4.8,17.27
NGTS_Silt_HALB01,3.05,3.05,3.05,1.2745454545454544,22.914545454545454,49.89909090909091,1.78771,4.0,18.4
NGTS_Silt_HALB01,3.4,3.4,3.4,2.758363636363636,10.78818181818182,127.9672727272727,0.39206090909090907,5.0,18.97
NGTS_Silt_HALB01,3.78,3.775,3.775,0.9360000000000002,14.920000000000003,84.626,1.5703390000000002,4.0,19.2
NGTS_Silt_HALB01,4.04,4.035,4.035,0.9470000000000001,3.93,90.34700000000001,0.418306,4.5,19.1
NGTS_Silt_HALB01,4.37,4.364999999999999,4.364999999999999,1.5759,5.245999999999999,138.848,0.31922799999999996,5.0,19.518047888857645
NGTS_Silt_HALB01,4.39,4.385,4.385,1.4289,4.433000000000001,128.44,0.30144699999999996,4.9,19.58
NGTS_Silt_HALB01,4.47,4.465,4.465,0.6086,4.646,113.02199999999999,0.7652629999999999,3.8,18.96
NGTS_Silt_HALB01,4.65,4.645,4.645,0.617,4.762,99.233,0.733014,4.0,18.5
NGTS_Silt_HALB01,4.79,4.785,4.785,0.7171000000000001,4.4510000000000005,107.14699999999999,0.5973200000000001,4.0,18.96824913701348
NGTS_Silt_HALB01,5.3,5.295,5.295,0.6028,4.271,120.64800000000001,0.6791910000000001,3.7,18.96
NGTS_Silt_HALB01,5.3,5.295,5.295,0.6028,4.271,120.64800000000001,0.6791910000000001,3.7,18.96
NGTS_Silt_HALB01,5.3,5.295,5.295,0.6028,4.271,120.64800000000001,0.6791910000000001,3.7,18.95
NGTS_Silt_HALB01,5.79,5.785,5.785,0.6897,8.320999999999998,121.63999999999997,1.153209,4.0,19.18
NGTS_Silt_HALB01,6.05,6.045,6.045,0.7739,7.909000000000001,134.156,0.9749950000000001,4.0,18.53
NGTS_Silt_HALB01,6.38,6.375,6.375,0.8096,7.914000000000001,148.678,0.9308489999999999,4.0,18.94
NGTS_Silt_HALB01,6.79,6.784999999999999,6.784999999999999,0.9911000000000001,12.52,149.64600000000002,1.212152,4.0,19.37
NGTS_Silt_HALB01,7.05,7.045,7.045,0.9493,13.049999999999997,151.534,1.3187030000000002,4.0,19.02
NGTS_Silt_HALB01,7.39,7.385,7.385,0.8378,9.951000000000002,168.6,1.123437,4.0,19.08
NGTS_Silt_HALB01,7.5,7.495,7.495,0.7839000000000002,9.317,169.76999999999998,1.119086,4.0,19.22
NGTS_Silt_HALB01,7.5,7.495,7.495,0.7839000000000002,9.317,169.76999999999998,1.119086,4.0,19.22
NGTS_Silt_HALB01,7.55,7.545,7.545,0.7723,8.863,172.76,1.0809539999999997,4.0,19.0
NGTS_Silt_HALB01,7.55,7.545,7.545,0.7723,8.863,172.76,1.0809539999999997,4.0,19.0
NGTS_Silt_HALB01,7.6,7.594999999999999,7.594999999999999,0.7968,8.609,181.015,1.0180859999999998,4.0,18.99
NGTS_Silt_HALB01,7.79,7.784999999999999,7.784999999999999,0.7849000000000002,7.697,204.384,0.91365,4.0,19.33
NGTS_Silt_HALB01,8.05,8.045,8.045,0.7491,7.71,196.449,0.9399530000000003,3.7,19.06
NGTS_Silt_HALB01,8.38,8.375,8.375,0.9298,10.377,209.411,1.04997,4.0,19.09
NGTS_Silt_HALB01,8.6,8.594999999999999,8.594999999999999,1.0009000000000001,11.049,210.84,1.0426829999999998,4.0,19.07
NGTS_Silt_HALB01,8.6,8.594999999999999,8.594999999999999,1.0009000000000001,11.049,210.84,1.0426829999999998,4.0,19.07
NGTS_Silt_HALB01,10.05,10.045,10.045,0.9945000000000002,10.515,249.15499999999997,0.9908339999999999,4.0,19.28
NGTS_Silt_HALB01,10.37,10.364999999999998,10.364999999999998,0.9376,9.402000000000003,272.934,0.926202,4.0,19.297955263234144
NGTS_Silt_HALB01,10.5,10.495,10.495,0.9952,10.884999999999998,264.582,1.016797,4.0,19.0
NGTS_Silt_HALB01,10.5,10.495,10.495,0.9952,10.884999999999998,264.582,1.016797,4.0,19.0
NGTS_Silt_HALB01,10.78,10.775,10.775,1.0258999999999998,12.360000000000001,260.526,1.1237439999999999,4.0,19.85
NGTS_Silt_HALB01,12.05,12.045,12.045,1.1407,14.720000000000002,279.548,1.2085509999999997,4.0,19.43
NGTS_Silt_HALB01,12.35,12.344999999999999,12.344999999999999,1.2455000000000003,13.639999999999999,301.268,1.02488,4.0,19.885934644142896
NGTS_Silt_HALB01,12.38,12.375,12.375,1.2834,14.52,299.42799999999994,1.060186,4.0,19.53
NGTS_Silt_HALB01,12.6,12.594999999999999,12.594999999999999,1.2643,14.822999999999999,289.641,1.101121,4.0,19.55
NGTS_Silt_HALB02,3.2,3.1950000000000003,3.1950000000000003,0.8801,11.785,107.22499999999998,1.2886099999999998,3.9,19.77407773349656
NGTS_Silt_HALB02,3.36,3.3550000000000004,3.3550000000000004,2.6018,5.602,145.671,0.21935200000000005,4.3,20.316547612821207
NGTS_Silt_HALB02,3.64,3.6349999999999993,3.6349999999999993,1.7328,24.169999999999998,70.40500000000002,1.3939469999999998,4.2,19.1361293652701
NGTS_Silt_HALB02,4.4,4.395,4.395,4.6013,12.549,135.57599999999996,0.27781,5.9,18.954434058068927
NGTS_Silt_HALB02,5.17,5.165,5.165,0.46109999999999995,5.335000000000001,105.80000000000001,1.0896339999999998,3.0,18.94007805181849
NGTS_Silt_HALB02,5.3,5.295,5.295,0.5787,6.64,111.27499999999999,1.0929229999999996,3.4,18.871746489387718
NGTS_Silt_HALB02,6.2,6.195000000000001,6.195000000000001,0.6885000000000001,8.559000000000001,109.21500000000002,1.187992,4.0,18.975745161317825
NGTS_Silt_HALB02,7.1,7.094999999999999,7.094999999999999,0.7995000000000001,10.108,121.11500000000001,1.213893,4.0,19.094400255263412
NGTS_Silt_HALB02,8.0,7.994999999999999,7.994999999999999,0.859,10.349,150.092,1.1473,4.0,19.16521399030799
NGTS_Silt_HALB02,8.9,8.895,8.895,0.9398000000000002,10.94,174.095,1.104779,4.0,19.21041121729231
NGTS_Silt_HALB02,9.49,9.485,9.485,0.8506,7.9300000000000015,204.31999999999996,0.872141,4.0,19.298668098267278
NGTS_Silt_HALB02,10.7,10.694999999999999,10.694999999999999,1.0686,10.986,251.74799999999996,0.9626149999999999,4.0,19.300025380287963
NGTS_Silt_HALB02,11.6,11.594999999999999,11.594999999999999,1.346,14.625,272.58700000000005,1.025803,4.0,19.545115491142447
NGTS_Silt_HALB02,12.5,12.495,12.495,1.7998,17.672,303.4339999999999,0.9363059999999999,5.0,19.67358449007949
NGTS_Silt_HALB02,13.4,13.395,13.395,2.1841999999999997,13.249,336.561,0.573679,5.0,20.1180204423777
NGTS_Silt_HALB02,14.24,14.235,14.235,1.8718000000000004,12.475,335.27500000000003,0.632932,5.0,20.375329587156507
NGTS_Silt_HALB03,5.32,5.3149999999999995,5.3149999999999995,0.8702,7.797,123.233,0.8798259999999999,4.0,19.41
NGTS_Silt_HALB03,5.32,5.3149999999999995,5.3149999999999995,0.8702,7.797,123.233,0.8798259999999999,4.0,19.41
NGTS_Silt_HALB03,5.42,5.415,5.415,0.8143999999999998,7.2379999999999995,120.12399999999998,0.8617709999999998,4.0,19.62
NGTS_Silt_HALB03,7.5,7.495,7.495,0.9889999999999999,8.756,145.65,0.8495610000000001,4.0,19.26
NGTS_Silt_HALB03,7.57,7.5649999999999995,7.5649999999999995,0.9296999999999999,8.497000000000002,144.66899999999998,0.8752569999999998,4.0,18.55
NGTS_Silt_HALB03,7.57,7.5649999999999995,7.5649999999999995,0.9296999999999999,8.497000000000002,144.66899999999998,0.8752569999999998,4.0,18.55
NGTS_Silt_HALB03,8.28,8.275,8.275,0.9292999999999999,8.056000000000003,172.03000000000003,0.783435,3.7,19.74
NGTS_Silt_HALB03,8.46,8.454999999999998,8.454999999999998,0.9921,9.519000000000002,166.855,0.916178,4.0,18.79
NGTS_Silt_HALB03,10.25,10.245,10.245,0.9981000000000002,8.267,211.65099999999998,0.735514,3.7,18.88
NGTS_Silt_HALB03,10.25,10.245,10.245,0.9981000000000002,8.267,211.65099999999998,0.735514,3.7,18.88
NGTS_Silt_HALB03,10.33,10.325,10.325,0.9875,8.075000000000001,213.745,0.7672359999999999,4.0,19.71
NGTS_Silt_HALB03,10.33,10.325,10.325,0.9875,8.075000000000001,213.745,0.7672359999999999,4.0,19.71
NGTS_Silt_HALB03,14.31,14.304999999999998,14.304999999999998,1.4772999999999998,12.31,271.2990000000001,0.7919849999999999,4.9,19.97
NGTS_Silt_HALB03,14.42,14.415000000000001,14.415000000000001,1.3331,12.61,280.8229999999999,0.8928539999999998,4.2,20.01
NGTS_Silt_HALB04,5.27,5.264999999999999,5.264999999999999,0.7150000000000001,8.67,38.288000000000004,1.264528,3.6,19.45
NGTS_Silt_HALB04,5.28,5.275,5.275,0.655,8.562,38.885000000000005,1.3680280000000002,3.5,18.93
NGTS_Silt_HALB04,5.28,5.275,5.275,0.655,8.562,38.885000000000005,1.3680280000000002,3.5,18.93
NGTS_Silt_HALB04,7.03,7.025,7.025,0.8570000000000002,22.456,76.17399999999999,2.5560850000000004,3.0,18.63
NGTS_Silt_HALB04,7.03,7.025,7.025,0.8570000000000002,22.456,76.17399999999999,2.5560850000000004,3.0,18.8
NGTS_Silt_HALB04,7.03,7.025,7.025,0.8570000000000002,22.456,76.17399999999999,2.5560850000000004,3.0,19.31
NGTS_Silt_HALB04,7.03,7.025,7.025,0.8570000000000002,22.456,76.17399999999999,2.5560850000000004,3.0,19.41
NGTS_Silt_HALB04,8.02,8.014999999999999,8.014999999999999,0.7599999999999999,18.131,167.70300000000003,2.2447540000000004,3.0,19.18
NGTS_Silt_HALB04,8.02,8.014999999999999,8.014999999999999,0.7599999999999999,18.131,167.70300000000003,2.2447540000000004,3.0,19.33
NGTS_Silt_HALB04,8.02,8.014999999999999,8.014999999999999,0.7599999999999999,18.131,167.70300000000003,2.2447540000000004,3.0,19.87
NGTS_Silt_HALB04,8.17,8.165000000000001,8.165000000000001,0.8049999999999999,20.281,163.463,2.386021,3.0,19.52
NGTS_Silt_HALB04,8.36,8.355,8.355,0.7689999999999999,17.919999999999998,183.54999999999998,2.1797680000000006,3.0,19.15
NGTS_Silt_HALB04,8.36,8.355,8.355,0.7689999999999999,17.919999999999998,183.54999999999998,2.1797680000000006,3.0,19.15
NGTS_Silt_HALB04,8.4,8.395,8.395,0.7699999999999999,18.383000000000003,183.19700000000003,2.2338750000000003,3.0,19.46
NGTS_Silt_HALB04,8.42,8.415000000000001,8.415000000000001,0.7699999999999999,18.569,181.81400000000002,2.2581440000000006,3.0,19.56
NGTS_Silt_HALB04,10.07,10.065000000000001,10.065000000000001,0.9549999999999997,20.128,207.03299999999996,1.9863430000000002,3.5,19.14
NGTS_Silt_HALB04,10.07,10.065000000000001,10.065000000000001,0.9549999999999997,20.128,207.03299999999996,1.9863430000000002,3.5,19.1
NGTS_Silt_HALB04,10.07,10.065000000000001,10.065000000000001,0.9549999999999997,20.128,207.03299999999996,1.9863430000000002,3.5,20.04
NGTS_Silt_HALB04,11.45,11.444999999999999,11.444999999999999,0.9459999999999997,18.083000000000002,281.40700000000004,1.759564,4.0,19.25
NGTS_Silt_HALB04,11.45,11.444999999999999,11.444999999999999,0.9459999999999997,18.083000000000002,281.40700000000004,1.759564,4.0,19.25
NGTS_Silt_HALB04,11.45,11.444999999999999,11.444999999999999,0.9459999999999997,18.083000000000002,281.40700000000004,1.759564,4.0,19.37
NGTS_Silt_HALB04,11.45,11.444999999999999,11.444999999999999,0.9459999999999997,18.083000000000002,281.40700000000004,1.759564,4.0,19.47
NGTS_Silt_HALB04,12.58,12.575000000000001,12.575000000000001,0.8939999999999999,18.250000000000004,313.361,1.856355,3.7,19.12
NGTS_Silt_HALB04,13.55,13.544999999999998,13.544999999999998,1.001,21.3,296.872,1.9637109999999995,3.8,19.77
NGTS_Silt_HALB04,14.48,14.475,14.475,1.208,23.310000000000002,282.842,1.8064359999999997,4.0,20.26
NGTS_Silt_HALB04,14.48,14.475,14.475,1.208,23.310000000000002,282.842,1.8064359999999997,4.0,20.23
NGTS_Silt_HALB04,14.48,14.475,14.475,1.208,23.310000000000002,282.842,1.8064359999999997,4.0,20.26
NGTS_Silt_HALB04,14.48,14.475,14.475,1.208,23.310000000000002,282.842,1.8064359999999997,4.0,20.23
NGTS_Silt_HALB04,14.58,14.575,14.575,1.214,23.355999999999998,280.403,1.799534,4.0,20.69
NGTS_Silt_HALB04,14.6,14.594999999999999,14.594999999999999,1.226,22.406999999999996,283.94700000000006,1.7086209999999997,4.0,20.08
NGTS_Silt_HALB04,14.6,14.594999999999999,14.594999999999999,1.226,22.406999999999996,283.94700000000006,1.7086209999999997,4.0,20.78
NGTS_Silt_HALB04,14.6,14.594999999999999,14.594999999999999,1.226,22.406999999999996,283.94700000000006,1.7086209999999997,4.0,20.08
NGTS_Silt_HALB04,14.6,14.594999999999999,14.594999999999999,1.226,22.406999999999996,283.94700000000006,1.7086209999999997,4.0,20.69
NGTS_Silt_HALB04,14.6,14.594999999999999,14.594999999999999,1.226,22.406999999999996,283.94700000000006,1.7086209999999997,4.0,20.78
NGTS_Silt_HALB05,9.35,9.345,9.345,0.82,18.608999999999998,195.434,2.123354999999999,3.0,20.05
NGTS_Silt_HALB05,9.45,9.444999999999999,9.444999999999999,0.7809999999999999,17.519999999999996,225.888,2.069431,3.0,18.7
NGTS_Silt_HALB05,9.57,9.565000000000001,9.565000000000001,0.86,17.474999999999998,211.67999999999995,1.900949,3.4,19.39
NGTS_Silt_HALB05,9.6,9.595,9.595,0.8539999999999999,18.429000000000002,213.767,2.0124,3.1,19.25
NGTS_Silt_HALB05,12.5,12.495,12.495,0.899,18.159999999999997,318.63000000000005,1.831827,4.0,19.56
NGTS_Silt_HALB05,12.71,12.704999999999998,12.704999999999998,0.8739999999999999,17.097,329.196,1.764329,4.0,19.87
NGTS_Silt_HALB06,8.0,7.994999999999999,7.994999999999999,0.751,18.418,164.079,2.310415,3.0,18.912424378709822
NGTS_Silt_HALB06,8.32,8.315,8.315,0.7680000000000001,17.893,183.13299999999998,2.179266,3.0,19.65
NGTS_Silt_HALB06,8.47,8.465,8.465,0.761,18.203000000000003,187.679,2.233377,3.0,19.67
NGTS_Silt_HALB06,8.65,8.645,8.645,0.8480000000000001,19.268,176.95,2.1455580000000003,3.0,19.1
NGTS_Silt_HALB06,8.72,8.715,8.715,0.833,20.337,164.45700000000002,2.3119349999999996,3.0,19.20316222624551
NGTS_Silt_HALB06,9.53,9.525,9.525,0.8430000000000002,16.566000000000006,224.51499999999996,1.8291639999999998,3.5,18.832633177229773
NGTS_Silt_HALB06,9.93,9.925,9.925,0.8150000000000001,17.35,227.79399999999998,1.9694129999999999,3.1,19.7
NGTS_Silt_HALB06,10.08,10.075,10.075,0.953,20.512,205.58699999999996,2.028983,3.4,19.74
NGTS_Silt_HALB06,11.4,11.395,11.395,0.889,16.628,298.34700000000004,1.707304,3.8,19.7
NGTS_Silt_HALB06,12.53,12.525,12.525,0.8899999999999999,18.346,312.42,1.872332,3.7,19.240030237580996
NGTS_Silt_HALB06,12.95,12.945000000000002,12.945000000000002,1.0150000000000001,19.805999999999997,296.4919999999999,1.7997830000000001,4.0,19.96
NGTS_Silt_HALB06,13.07,13.065000000000001,13.065000000000001,0.946,20.875999999999998,297.7219999999999,2.0205610000000003,4.0,19.92
PITS_Rhesi_KB02,12.9,12.9,12.9,0.69,9.5,372.5,1.28,4.0,17.5766329258976
PITS_Rhesi_KB02,12.9,12.9,12.9,0.69,9.5,372.5,1.28,4.0,17.9247835497836
PITS_Rhesi_KB02,12.9,12.9,12.9,0.69,9.5,372.5,1.28,4.0,17.9247835497836
PITS_Seekirchen_BS01,4.7,4.8,4.8,0.48,8.8,310.5,1.67,3.0,17.9247835497836
PITS_Seekirchen_BS01,4.7,4.8,4.8,0.48,8.8,310.5,1.67,3.0,17.8
